tau_sat,b,tau_0,gamma_0,n,strain,stress,grain_id,0p2_phi_1,0p2_Phi,0p2_phi_2,0p4_phi_1,0p4_Phi,0p4_phi_2,0p6_phi_1,0p6_Phi,0p6_phi_2,0p8_phi_1,0p8_Phi,0p8_phi_2,1p0_phi_1,1p0_Phi,1p0_phi_2
200,3,200,3.333e-05,8,0.0,0.0,1,6.0548,2.3688,5.7741,6.0516,2.3685,5.7712,6.0483,2.3684,5.7685,6.0451,2.3683,5.7658,6.0419,2.3682,5.7633
,,,,,0.002,383.78,2,4.9542,1.8355,4.042,4.9543,1.834,4.0413,4.9543,1.8326,4.0405,4.9542,1.8312,4.0398,4.9542,1.83,4.0392
,,,,,0.004,499.25,3,4.6193,2.4439,4.0148,4.6174,2.4453,4.014,4.6156,2.4468,4.0132,4.6137,2.4483,4.0125,4.6119,2.4497,4.0118
,,,,,0.006,541.37,4,0.38984,2.7305,6.235,0.3931,2.7305,6.2366,0.39631,2.7306,6.2383,0.39954,2.7307,6.24,0.40259,2.7307,6.2416
,,,,,0.008,558.92,5,5.6005,2.8549,5.6965,5.5934,2.8535,5.6912,5.5868,2.8522,5.6863,5.5804,2.8508,5.6816,5.5745,2.8496,5.6772
,,,,,0.01,570.49,6,5.7087,2.0175,5.1487,5.709,2.0163,5.1502,5.7093,2.0151,5.1516,5.7096,2.0141,5.153,5.71,2.013,5.1544
,,,,,0.012,580.38,7,0.6028,2.4193,0.40709,0.60243,2.4194,0.40724,0.60193,2.4194,0.40731,0.60143,2.4194,0.40738,0.60095,2.4194,0.40745
,,,,,0.014,589.56,8,5.079,2.0116,4.0217,5.08,2.0093,4.0207,5.0809,2.0071,4.0198,5.0817,2.005,4.0189,5.0824,2.003,4.0181
,,,,,0.016,598.35,9,4.5304,2.1623,4.2923,4.5322,2.1625,4.2991,4.534,2.1628,4.3056,4.5359,2.1633,4.3121,4.5376,2.1637,4.3182
,,,,,0.018,606.89,10,5.8222,2.17,5.0629,5.8209,2.1644,5.0645,5.8197,2.1588,5.0664,5.8186,2.1533,5.0685,5.8177,2.148,5.0704
,,,,,0.02,615.23,11,6.0497,2.3719,5.7711,6.0465,2.3716,5.7682,6.0432,2.3715,5.7655,6.0399,2.3713,5.7628,6.0368,2.3712,5.7603
,,,,,0.022,623.4,12,4.5312,2.0033,4.7428,4.5296,2.0037,4.7403,4.5281,2.0042,4.7379,4.5265,2.0047,4.7354,4.525,2.0052,4.7331
,,,,,0.024,631.42,13,6.0102,2.0249,5.3771,6.0074,2.022,5.3779,6.0049,2.0193,5.3787,6.0025,2.0166,5.3795,6.0002,2.0141,5.3802
,,,,,0.026,639.3,14,2.7169,2.8951,2.9011,2.7129,2.895,2.901,2.7093,2.895,2.9011,2.7059,2.8951,2.9013,2.7027,2.8952,2.9016
,,,,,0.028,647.04,15,0.40503,2.7397,6.2454,0.40818,2.7398,6.2468,0.4113,2.7399,6.2485,0.41443,2.74,6.2501,0.4174,2.7401,6.2517
,,,,,0.03,654.65,16,4.6199,2.4451,4.014,4.6181,2.4466,4.0131,4.6162,2.4481,4.0123,4.6143,2.4496,4.0116,4.6124,2.451,4.0108
,,,,,0.032,662.13,17,6.0088,2.0251,5.3781,6.0061,2.0223,5.3789,6.0036,2.0196,5.3797,6.0012,2.0169,5.3804,5.999,2.0145,5.3811
,,,,,0.034,669.48,18,4.5318,2.0018,4.7457,4.5302,2.0022,4.7432,4.5286,2.0027,4.7407,4.527,2.0032,4.7383,4.5255,2.0036,4.736
,,,,,0.036,676.72,19,4.9558,1.8368,4.045,4.9558,1.8353,4.0443,4.9558,1.8339,4.0435,4.9558,1.8325,4.0428,4.9558,1.8312,4.0421
,,,,,0.038,683.83,20,3.8863,2.797,3.5389,3.8856,2.7977,3.5367,3.8849,2.7986,3.5344,3.8842,2.7997,3.5322,3.8836,2.8007,3.5301
,,,,,0.04,690.82,21,3.2578,2.9272,2.2937,3.2684,2.9306,2.3048,3.2791,2.9338,2.316,3.2898,2.9369,2.3272,3.3001,2.9397,2.338
,,,,,0.042,697.7,22,3.7662,2.6771,3.2446,3.7652,2.6779,3.2423,3.7642,2.6787,3.24,3.7632,2.6795,3.2376,3.7622,2.6802,3.2354
,,,,,0.044,704.47,23,0.39553,2.7355,6.2442,0.39875,2.7356,6.2457,0.40192,2.7357,6.2473,0.4051,2.7358,6.249,0.40811,2.7359,6.2505
,,,,,0.046,711.12,24,0.60584,2.4251,0.40991,0.60549,2.4252,0.41008,0.60501,2.4252,0.41017,0.60453,2.4252,0.41025,0.60407,2.4252,0.41033
,,,,,0.048,717.67,25,5.3388,2.6395,4.6966,5.3389,2.6414,4.6993,5.3388,2.6433,4.7019,5.3388,2.6451,4.7045,5.3388,2.6469,4.7071
,,,,,0.05,724.1,26,3.2543,2.925,2.2939,3.265,2.9285,2.3051,3.2759,2.9317,2.3164,3.2867,2.9348,2.3278,3.297,2.9376,2.3387
,,,,,0.052,730.43,27,0.22131,2.8226,0.14229,0.22679,2.8223,0.1468,0.23225,2.822,0.15128,0.23781,2.8216,0.15581,0.24319,2.8213,0.16018
,,,,,0.054,736.66,28,3.776,2.681,3.252,3.7749,2.6818,3.2495,3.7737,2.6827,3.247,3.7725,2.6835,3.2445,3.7714,2.6842,3.2422
,,,,,0.056,742.78,29,3.7735,2.6782,3.2501,3.7725,2.679,3.2477,3.7713,2.6798,3.2452,3.7702,2.6806,3.2428,3.7691,2.6814,3.2404
,,,,,0.058,748.8,30,5.922,2.6537,4.6508,5.9255,2.6549,4.6494,5.9294,2.6559,4.6483,5.9334,2.6567,4.6474,5.9372,2.6575,4.6466
,,,,,0.06,754.73,31,5.5018,2.0983,5.1214,5.5024,2.0983,5.1221,5.5031,2.0983,5.1228,5.5038,2.0983,5.1235,5.5045,2.0983,5.1241
,,,,,0.062,760.55,32,5.5941,2.8555,5.6895,5.5869,2.8541,5.6841,5.5804,2.8528,5.6792,5.5741,2.8514,5.6745,5.5682,2.8501,5.67
,,,,,0.064,766.28,33,3.8283,2.5979,2.8683,3.833,2.5994,2.874,3.8374,2.6006,2.8794,3.8417,2.6019,2.8847,3.8457,2.603,2.8896
,,,,,0.066,771.92,34,5.4958,2.1716,4.3137,5.4954,2.1695,4.311,5.4951,2.1676,4.3084,5.4947,2.1658,4.3059,5.4943,2.1641,4.3035
,,,,,0.068,777.46,35,4.5277,2.1577,4.2866,4.5295,2.1578,4.2934,4.5314,2.1582,4.3,4.5332,2.1586,4.3065,4.535,2.159,4.3127
,,,,,0.07,782.91,36,5.643,2.5932,5.7861,5.6421,2.593,5.7855,5.6414,2.5929,5.785,5.6407,2.5927,5.7846,5.6401,2.5926,5.7841
,,,,,0.072,788.27,37,4.5359,2.0006,4.7524,4.5342,2.001,4.7499,4.5326,2.0015,4.7474,4.531,2.0019,4.7449,4.5295,2.0023,4.7426
,,,,,0.074,793.54,38,6.2551,2.2409,4.9273,6.2536,2.2403,4.9206,6.2521,2.2398,4.914,6.2507,2.2394,4.9075,6.2493,2.239,4.9014
,,,,,0.076,798.72,39,6.2536,2.2413,4.9263,6.2521,2.2407,4.9196,6.2507,2.2403,4.913,6.2492,2.2398,4.9065,6.2479,2.2394,4.9003
,,,,,0.078,803.82,40,3.8822,2.8718,3.4712,3.8811,2.8729,3.4683,3.8796,2.8741,3.4652,3.878,2.8752,3.4619,3.8764,2.8763,3.4588
,,,,,0.08,808.84,41,6.1699,2.2456,4.7808,6.1687,2.2453,4.7756,6.1676,2.245,4.7708,6.1666,2.2447,4.7661,6.1657,2.2445,4.7617
,,,,,0.082,813.77,42,5.8193,2.1752,5.0575,5.818,2.1697,5.059,5.8168,2.1641,5.0608,5.8157,2.1585,5.0628,5.8148,2.1532,5.0648
,,,,,0.084,818.62,43,3.8375,2.5943,2.8758,3.842,2.5957,2.8814,3.8462,2.5969,2.8866,3.8503,2.5981,2.8917,3.8541,2.5992,2.8965
,,,,,0.086,823.39,44,0.66276,2.5015,0.53527,0.66296,2.5006,0.53639,0.66276,2.4995,0.53716,0.66246,2.4983,0.53787,0.66215,2.4972,0.53853
,,,,,0.088,828.09,45,4.3954,2.2253,3.9816,4.3945,2.2261,3.9837,4.3936,2.2269,3.9861,4.3927,2.2277,3.9885,4.3918,2.2285,3.9908
,,,,,0.09,832.7,46,5.5008,2.1027,5.1206,5.5015,2.1026,5.1213,5.5022,2.1026,5.122,5.5029,2.1025,5.1228,5.5035,2.1024,5.1235
,,,,,0.092,837.24,47,5.2862,2.9372,4.0034,5.2823,2.9377,4.0008,5.2773,2.9381,3.9969,5.2719,2.9384,3.9927,5.2666,2.9387,3.9885
,,,,,0.094,841.71,48,5.0766,2.2878,5.2598,5.0792,2.2896,5.2565,5.0818,2.2914,5.2529,5.0844,2.2932,5.2493,5.087,2.2949,5.2459
,,,,,0.096,846.1,49,3.2435,2.9269,2.2728,3.2537,2.9305,2.2834,3.2641,2.9338,2.2942,3.2744,2.937,2.3051,3.2843,2.9399,2.3155
,,,,,0.098,850.42,50,5.6821,2.1445,5.6644,5.686,2.145,5.6647,5.6899,2.1454,5.6649,5.6938,2.1457,5.6651,5.6975,2.146,5.6652
,,,,,0.1,854.66,51,5.2156,2.9853,5.1394,5.2057,2.9824,5.1291,5.1954,2.9794,5.1186,5.1852,2.9763,5.1082,5.1757,2.9733,5.0985
,,,,,0.102,858.84,52,3.7598,2.6708,3.2358,3.759,2.6716,3.2337,3.7581,2.6724,3.2314,3.7572,2.6731,3.2292,3.7564,2.6738,3.2272
,,,,,0.104,862.95,53,4.5321,1.9968,4.7366,4.5306,1.9974,4.7343,4.529,1.998,4.732,4.5276,1.9985,4.7297,4.5262,1.9991,4.7275
,,,,,0.106,866.99,54,4.5353,1.9977,4.7411,4.5337,1.9983,4.7387,4.5322,1.9988,4.7364,4.5307,1.9994,4.734,4.5293,1.9999,4.7318
,,,,,0.108,870.97,55,2.7576,2.8867,2.942,2.7535,2.8867,2.9419,2.7498,2.8867,2.942,2.7463,2.8868,2.9421,2.7431,2.8869,2.9424
,,,,,0.11,874.88,56,5.822,2.1697,5.0604,5.8207,2.1641,5.062,5.8195,2.1585,5.0639,5.8185,2.1529,5.0659,5.8176,2.1477,5.0678
,,,,,0.112,878.72,57,1.2128,2.6227,0.58156,1.2046,2.6272,0.57332,1.1964,2.6318,0.56504,1.1884,2.6363,0.55678,1.1808,2.6406,0.54895
,,,,,0.114,882.5,58,6.258,2.2449,4.9285,6.2565,2.2444,4.9218,6.2552,2.2439,4.9152,6.2538,2.2435,4.9087,6.2525,2.2432,4.9026
,,,,,0.116,886.22,59,4.4025,2.2281,3.9876,4.4017,2.2289,3.9898,4.4008,2.2297,3.9922,4.4,2.2305,3.9947,4.3991,2.2312,3.9971
,,,,,0.118,889.88,60,0.47048,2.4968,6.0783,0.47453,2.4967,6.0827,0.47857,2.4967,6.0871,0.48257,2.4967,6.0914,0.48632,2.4966,6.0954
,,,,,0.12,893.48,61,6.253,2.2437,4.9255,6.2516,2.2431,4.9187,6.2502,2.2426,4.9122,6.2487,2.2422,4.9056,6.2474,2.2418,4.8995
,,,,,0.122,897.02,62,2.7516,2.8947,2.9397,2.7476,2.8947,2.9397,2.744,2.8947,2.9399,2.7406,2.8948,2.9401,2.7375,2.8949,2.9405
,,,,,0.124,900.5,63,5.8126,2.1297,4.6795,5.8104,2.1272,4.6754,5.8081,2.125,4.6712,5.8058,2.1228,4.6671,5.8037,2.1208,4.6632
,,,,,0.126,903.93,64,4.5331,1.9982,4.7353,4.5316,1.9988,4.733,4.5301,1.9994,4.7306,4.5286,2.0,4.7283,4.5272,2.0006,4.7262
,,,,,0.128,907.3,65,5.3385,2.6368,4.6935,5.3386,2.6387,4.6961,5.3385,2.6405,4.6986,5.3385,2.6423,4.7012,5.3384,2.644,4.7037
,,,,,0.13,910.61,66,3.2542,2.9334,2.2932,3.2649,2.9367,2.3044,3.2758,2.9398,2.3158,3.2866,2.9428,2.3271,3.297,2.9456,2.338
,,,,,0.132,913.87,67,5.7159,1.8435,5.5843,5.7213,1.8462,5.5837,5.7266,1.8489,5.583,5.732,1.8516,5.5822,5.7372,1.8541,5.5815
,,,,,0.134,917.07,68,3.6829,2.477,3.1689,3.6836,2.4775,3.1681,3.6841,2.4781,3.1673,3.6846,2.4787,3.1666,3.6852,2.4793,3.1659
,,,,,0.136,920.23,69,5.4898,2.1713,4.3085,5.4894,2.1693,4.3059,5.4891,2.1673,4.3033,5.4888,2.1655,4.3008,5.4884,2.1638,4.2985
,,,,,0.138,923.33,70,5.5158,2.106,5.1267,5.5164,2.1058,5.1276,5.517,2.1056,5.1284,5.5176,2.1054,5.1292,5.5183,2.1052,5.13
,,,,,0.14,926.38,71,4.532,1.9982,4.7397,4.5304,1.9987,4.7374,4.5289,1.9992,4.735,4.5273,1.9998,4.7327,4.5259,2.0003,4.7304
,,,,,0.142,929.38,72,0.54196,2.7589,0.17218,0.54458,2.7595,0.17273,0.54698,2.7602,0.17327,0.54934,2.7609,0.1738,0.55155,2.7616,0.17429
,,,,,0.144,932.33,73,4.5307,1.9952,4.7353,4.5291,1.9958,4.733,4.5276,1.9964,4.7307,4.5262,1.997,4.7284,4.5248,1.9976,4.7263
,,,,,0.146,935.24,74,0.90517,2.573,5.8714,0.90576,2.5739,5.8726,0.90632,2.5752,5.8739,0.90681,2.5765,5.8751,0.90724,2.5778,5.8762
,,,,,0.148,938.09,75,3.7184,2.7247,3.4309,3.7199,2.7247,3.4303,3.7211,2.7249,3.4295,3.7223,2.7252,3.4286,3.7233,2.7256,3.4278
,,,,,0.15,940.9,76,4.3202,2.1642,4.4319,4.3202,2.1648,4.432,4.3201,2.1654,4.4321,4.3201,2.166,4.4322,4.3201,2.1666,4.4324
,,,,,0.152,943.67,77,5.0578,2.9479,4.4582,5.0603,2.9523,4.4608,5.0625,2.9567,4.4628,5.0646,2.961,4.4647,5.0665,2.965,4.4666
,,,,,0.154,946.39,78,4.8756,2.1048,5.2193,4.8742,2.1034,5.2152,4.8728,2.1021,5.2111,4.8713,2.1008,5.2068,4.87,2.0996,5.2027
,,,,,0.156,949.06,79,4.7709,2.2385,4.9697,4.7698,2.2385,4.9631,4.7688,2.2386,4.9568,4.7678,2.2388,4.9505,4.7669,2.2389,4.9446
,,,,,0.158,951.69,80,0.33265,2.5756,5.8225,0.34133,2.5771,5.8327,0.34978,2.5786,5.8426,0.35816,2.58,5.8524,0.36605,2.5813,5.8616
,,,,,0.16,954.28,81,5.2346,2.1174,5.3195,5.2367,2.1195,5.3156,5.2388,2.1217,5.3116,5.2409,2.1239,5.3076,5.2429,2.1261,5.3037
,,,,,0.162,956.83,82,2.7547,2.8873,2.9399,2.7507,2.8872,2.9398,2.747,2.8873,2.9399,2.7435,2.8874,2.9401,2.7403,2.8875,2.9404
,,,,,0.164,959.33,83,5.5523,2.5401,5.0703,5.5498,2.5398,5.0739,5.547,2.5391,5.0773,5.5442,2.5383,5.0805,5.5413,2.5376,5.0834
,,,,,0.166,961.8,84,3.3724,2.5908,2.9574,3.376,2.5904,2.959,3.3794,2.59,2.9607,3.3828,2.5895,2.9625,3.386,2.5891,2.9642
,,,,,0.168,964.23,85,0.47327,2.4956,6.0791,0.4773,2.4955,6.0835,0.48132,2.4955,6.0878,0.48531,2.4954,6.0921,0.48905,2.4954,6.0961
,,,,,0.17,966.61,86,0.92359,2.5728,5.8932,0.92391,2.5737,5.8944,0.92422,2.575,5.8955,0.92445,2.5764,5.8966,0.92465,2.5777,5.8976
,,,,,0.172,968.96,87,3.8525,2.6048,2.8938,3.8566,2.606,2.8989,3.8605,2.6071,2.9038,3.8642,2.6082,2.9085,3.8677,2.6092,2.9129
,,,,,0.174,971.27,88,5.811,2.1335,4.6804,5.8088,2.1309,4.6763,5.8065,2.1285,4.672,5.8042,2.1263,4.6678,5.8021,2.1242,4.6639
,,,,,0.176,973.54,89,0.18911,2.8137,0.10866,0.19385,2.8135,0.1124,0.19854,2.8133,0.11608,0.20332,2.813,0.11979,0.20796,2.8128,0.12337
,,,,,0.178,975.78,90,1.0319,2.8773,0.894,1.0372,2.8748,0.89853,1.0416,2.8722,0.90236,1.0456,2.8696,0.90581,1.0492,2.8672,0.90884
,,,,,0.18,977.98,91,2.7495,2.8892,2.9364,2.7456,2.8891,2.9363,2.7419,2.8891,2.9364,2.7385,2.8892,2.9367,2.7353,2.8893,2.9369
,,,,,0.182,980.14,92,5.0077,2.3698,4.8855,5.0084,2.3696,4.886,5.0091,2.3693,4.8865,5.0099,2.3691,4.8871,5.0106,2.3689,4.8877
,,,,,0.184,982.27,93,4.922,2.1854,4.5927,4.9243,2.1844,4.5978,4.9265,2.1834,4.6026,4.9287,2.1825,4.6074,4.9308,2.1817,4.6118
,,,,,0.186,984.37,94,4.768,2.2405,4.9665,4.7669,2.2406,4.96,4.7659,2.2407,4.9536,4.765,2.2408,4.9474,4.764,2.2409,4.9415
,,,,,0.188,986.43,95,5.5084,2.1028,5.1265,5.5091,2.1027,5.1272,5.5097,2.1027,5.1279,5.5104,2.1026,5.1286,5.5111,2.1025,5.1293
,,,,,0.19,988.46,96,2.7695,2.8825,2.9564,2.7655,2.8824,2.9564,2.7618,2.8825,2.9565,2.7583,2.8826,2.9567,2.7551,2.8827,2.957
,,,,,0.192,990.46,97,4.5346,1.9938,4.7434,4.533,1.9943,4.7411,4.5314,1.9949,4.7388,4.5299,1.9954,4.7364,4.5285,1.996,4.7342
,,,,,0.194,992.43,98,5.0013,2.3674,4.8745,5.002,2.3671,4.8751,5.0027,2.3669,4.8758,5.0034,2.3667,4.8765,5.0041,2.3664,4.8772
,,,,,0.196,994.36,99,3.2571,2.9246,2.2942,3.2678,2.9281,2.3053,3.2785,2.9313,2.3165,3.2892,2.9344,2.3278,3.2995,2.9373,2.3386
,,,,,0.2,998.14,100,0.47783,2.4874,6.0849,0.48173,2.4873,6.0891,0.48562,2.4873,6.0933,0.48948,2.4873,6.0974,0.4931,2.4872,6.1013
,,,,,,,101,2.7514,2.8861,2.9375,2.7475,2.886,2.9375,2.7438,2.8861,2.9376,2.7403,2.8862,2.9378,2.7371,2.8863,2.938
,,,,,,,102,0.47484,2.4889,6.0805,0.47882,2.4888,6.0848,0.48279,2.4887,6.0891,0.48672,2.4887,6.0934,0.49041,2.4887,6.0973
,,,,,,,103,5.5438,2.5447,5.0605,5.5414,2.5444,5.0641,5.5387,2.5438,5.0675,5.5359,2.5431,5.0708,5.5331,2.5424,5.0739
,,,,,,,104,4.8385,2.0847,4.5568,4.8405,2.0845,4.5602,4.8425,2.0844,4.5636,4.8445,2.0844,4.5669,4.8465,2.0843,4.5701
,,,,,,,105,0.32802,2.5795,5.817,0.3368,2.581,5.8273,0.34535,2.5825,5.8373,0.35382,2.584,5.8472,0.36182,2.5854,5.8565
,,,,,,,106,5.2357,2.1197,5.3211,5.2378,2.1218,5.3173,5.2399,2.124,5.3133,5.2421,2.1263,5.3093,5.2442,2.1284,5.3055
,,,,,,,107,0.19414,2.8136,0.11233,0.199,2.8134,0.11615,0.20381,2.8131,0.11992,0.20872,2.8129,0.12372,0.21348,2.8126,0.12739
,,,,,,,108,4.8557,2.1511,4.4911,4.8582,2.1495,4.4966,4.8609,2.1482,4.5021,4.8635,2.147,4.5075,4.866,2.1459,4.5125
,,,,,,,109,5.2511,2.5457,4.294,5.2512,2.5461,4.2909,5.2516,2.5464,4.2877,5.2519,2.5466,4.2846,5.2523,2.5468,4.2815
,,,,,,,110,2.7791,2.883,2.963,2.7751,2.8829,2.9629,2.7713,2.883,2.963,2.7677,2.883,2.9632,2.7644,2.8831,2.9634
,,,,,,,111,5.0094,2.5005,5.0506,5.012,2.5004,5.0499,5.0143,2.5003,5.0491,5.0167,2.5001,5.0484,5.0188,2.4999,5.0477
,,,,,,,112,5.5385,2.5456,5.0517,5.5362,2.5454,5.0554,5.5336,2.5448,5.0589,5.5309,2.5441,5.0623,5.5282,2.5434,5.0655
,,,,,,,113,5.8271,2.9966,5.5467,5.8309,2.9967,5.5476,5.8357,2.9968,5.5497,5.8411,2.9969,5.5524,5.8467,2.9969,5.5555
,,,,,,,114,5.9488,2.4321,5.902,5.9443,2.4308,5.897,5.9401,2.4295,5.8922,5.9361,2.4281,5.8877,5.9324,2.4268,5.8835
,,,,,,,115,5.999,2.1088,4.8237,5.9967,2.1064,4.8193,5.9942,2.1042,4.8148,5.9917,2.1022,4.8103,5.9893,2.1003,4.806
,,,,,,,116,0.33644,2.579,5.8257,0.34515,2.5805,5.836,0.3536,2.582,5.8458,0.36199,2.5834,5.8556,0.36989,2.5847,5.8648
,,,,,,,117,5.4914,2.1649,4.3123,5.491,2.1629,4.3096,5.4906,2.1611,4.3071,5.4902,2.1592,4.3046,5.4898,2.1576,4.3023
,,,,,,,118,5.0077,1.9199,4.632,5.0086,1.9213,4.6328,5.0098,1.9226,4.6338,5.0111,1.9239,4.6348,5.0123,1.9251,4.6358
,,,,,,,119,5.0033,2.4998,5.0421,5.0057,2.4996,5.0414,5.008,2.4995,5.0406,5.0103,2.4993,5.0399,5.0124,2.4991,5.0392
,,,,,,,120,0.33535,2.5816,5.8248,0.3441,2.5832,5.8351,0.35259,2.5846,5.845,0.36101,2.5861,5.8548,0.36895,2.5874,5.864
,,,,,,,121,5.4913,2.1604,4.3112,5.4909,2.1584,4.3086,5.4904,2.1566,4.3062,5.49,2.1548,4.3037,5.4896,2.1532,4.3015
,,,,,,,122,5.8915,2.5749,5.8334,5.8852,2.5733,5.8268,5.8795,2.5716,5.8207,5.874,2.57,5.815,5.8691,2.5684,5.8098
,,,,,,,123,4.2522,2.548,3.2045,4.2489,2.5477,3.2017,4.2457,2.5475,3.1989,4.2426,2.5473,3.1963,4.2396,2.5471,3.1938
,,,,,,,124,3.4833,2.867,3.6173,3.4875,2.8666,3.6238,3.4917,2.8663,3.63,3.4959,2.866,3.6362,3.4999,2.8657,3.6421
,,,,,,,125,5.8295,2.9965,5.5472,5.8335,2.9965,5.5483,5.8384,2.9966,5.5506,5.844,2.9967,5.5535,5.8498,2.9968,5.5567
,,,,,,,126,4.9201,2.1837,4.5951,4.9224,2.1827,4.6,4.9246,2.1818,4.6048,4.9268,2.181,4.6095,4.9289,2.1802,4.6139
,,,,,,,127,4.5862,2.4629,4.8221,4.588,2.4629,4.8178,4.5896,2.4629,4.8135,4.5912,2.4629,4.8093,4.5928,2.4628,4.8054
,,,,,,,128,6.1731,2.2462,4.7855,6.1719,2.2458,4.7803,6.1708,2.2455,4.7754,6.1698,2.2452,4.7706,6.1688,2.245,4.7662
,,,,,,,129,4.5336,1.9933,4.7367,4.532,1.9939,4.7344,4.5305,1.9945,4.7321,4.5291,1.9951,4.7299,4.5277,1.9957,4.7277
,,,,,,,130,5.333,2.6366,4.6849,5.333,2.6385,4.6874,5.3329,2.6403,4.6898,5.3329,2.6421,4.6923,5.3328,2.6438,4.6947
,,,,,,,131,5.0636,2.4691,4.9602,5.0642,2.4685,4.9605,5.0648,2.4679,4.9609,5.0654,2.4673,4.9613,5.0659,2.4667,4.9616
,,,,,,,132,4.7646,2.4368,3.9313,4.7638,2.4374,3.9279,4.7631,2.4379,3.9245,4.7624,2.4385,3.9211,4.7618,2.439,3.9179
,,,,,,,133,4.9306,2.1861,4.6059,4.9329,2.1851,4.6108,4.9351,2.1842,4.6155,4.9372,2.1834,4.6201,4.9392,2.1826,4.6244
,,,,,,,134,3.7949,2.6832,2.7458,3.8007,2.6855,2.7525,3.8062,2.6876,2.7589,3.8115,2.6897,2.7653,3.8165,2.6915,2.7713
,,,,,,,135,3.8464,2.6031,2.8827,3.8507,2.6044,2.888,3.8548,2.6056,2.893,3.8587,2.6068,2.898,3.8624,2.6078,2.9026
,,,,,,,136,2.7854,2.8816,2.9712,2.7814,2.8815,2.9712,2.7777,2.8816,2.9713,2.7741,2.8816,2.9715,2.7709,2.8817,2.9718
,,,,,,,137,1.0428,2.8813,0.90165,1.048,2.8788,0.90606,1.0524,2.8762,0.90981,1.0564,2.8736,0.91318,1.0599,2.8712,0.91614
,,,,,,,138,4.2618,2.5089,3.4647,4.2541,2.5104,3.4551,4.2465,2.5119,3.4458,4.239,2.5133,3.4367,4.232,2.5146,3.4281
,,,,,,,139,0.47222,2.4971,6.0772,0.47629,2.497,6.0817,0.48035,2.4969,6.086,0.48437,2.4969,6.0904,0.48814,2.4969,6.0944
,,,,,,,140,0.47066,2.4932,6.0716,0.47481,2.493,6.0762,0.47894,2.493,6.0807,0.48303,2.493,6.0851,0.48687,2.493,6.0893
,,,,,,,141,0.043403,2.4034,5.0852,0.044599,2.4043,5.0814,0.045805,2.4051,5.0774,0.047051,2.406,5.0733,0.048273,2.4068,5.0692
,,,,,,,142,2.7529,2.9188,1.7773,2.7539,2.9243,1.7782,2.7555,2.9295,1.7798,2.757,2.9345,1.7814,2.7585,2.9393,1.783
,,,,,,,143,3.7903,2.6784,2.7436,3.7962,2.6808,2.7504,3.8017,2.6829,2.7569,3.8072,2.685,2.7633,3.8123,2.6869,2.7694
,,,,,,,144,4.9254,2.1804,4.5991,4.9277,2.1794,4.604,4.9299,2.1785,4.6087,4.9321,2.1777,4.6133,4.9341,2.1769,4.6176
,,,,,,,145,3.7989,3.0163,3.226,3.7953,3.0164,3.2213,3.7915,3.0166,3.2164,3.7875,3.0167,3.2114,3.7839,3.0167,3.2068
,,,,,,,146,5.057,2.47,4.9535,5.0576,2.4694,4.9538,5.0581,2.4688,4.9542,5.0587,2.4682,4.9546,5.0593,2.4677,4.955
,,,,,,,147,2.7932,2.8808,2.9789,2.7892,2.8808,2.9788,2.7854,2.8808,2.9789,2.7818,2.8809,2.9792,2.7786,2.881,2.9794
,,,,,,,148,5.5438,2.5372,5.053,5.5416,2.5369,5.0567,5.5391,2.5361,5.0602,5.5364,2.5353,5.0637,5.5338,2.5345,5.0668
,,,,,,,149,4.4674,2.5525,3.7073,4.4602,2.5552,3.6985,4.4527,2.558,3.6895,4.445,2.5607,3.6801,4.4374,2.5633,3.6711
,,,,,,,150,5.9967,2.1058,4.8206,5.9944,2.1034,4.8164,5.9919,2.1013,4.8119,5.9894,2.0993,4.8075,5.9871,2.0975,4.8033
,,,,,,,151,0.47711,2.4936,6.0802,0.48112,2.4935,6.0845,0.48512,2.4935,6.0888,0.48908,2.4935,6.0931,0.4928,2.4935,6.0971
,,,,,,,152,4.2618,2.5095,3.4674,4.2541,2.5111,3.4578,4.2465,2.5126,3.4485,4.2389,2.5141,3.4393,4.2319,2.5154,3.4307
,,,,,,,153,4.3662,2.4565,4.1431,4.3623,2.4575,4.1449,4.3588,2.4584,4.1469,4.3554,2.4591,4.1489,4.3522,2.4599,4.1508
,,,,,,,154,4.7859,2.6052,4.4713,4.7822,2.6059,4.4729,4.7787,2.6063,4.4748,4.7754,2.6067,4.4766,4.7722,2.6069,4.4783
,,,,,,,155,2.7846,2.8745,2.9694,2.7805,2.8745,2.9693,2.7767,2.8745,2.9693,2.7731,2.8746,2.9695,2.7698,2.8747,2.9697
,,,,,,,156,4.96,1.831,4.0466,4.9599,1.8297,4.0458,4.9598,1.8284,4.0451,4.9597,1.8272,4.0444,4.9596,1.8261,4.0437
,,,,,,,157,4.4718,2.5534,3.712,4.4646,2.5561,3.7033,4.4572,2.5588,3.6943,4.4495,2.5616,3.685,4.442,2.5642,3.676
,,,,,,,158,5.344,2.0326,5.0929,5.3445,2.0344,5.0912,5.345,2.0362,5.0896,5.3455,2.0379,5.0881,5.346,2.0396,5.0868
,,,,,,,159,1.019,2.878,0.87731,1.0243,2.8755,0.88189,1.029,2.873,0.88583,1.0331,2.8705,0.88941,1.0369,2.8681,0.89257
,,,,,,,160,4.4797,2.5529,3.7229,4.4727,2.5556,3.7144,4.4654,2.5584,3.7057,4.4579,2.5611,3.6966,4.4505,2.5638,3.6878
,,,,,,,161,5.9555,2.4155,5.9048,5.9511,2.4143,5.8998,5.947,2.413,5.8951,5.9432,2.4116,5.8907,5.9397,2.4103,5.8866
,,,,,,,162,5.4914,2.1685,4.3084,5.491,2.1665,4.3058,5.4907,2.1646,4.3032,5.4903,2.1628,4.3008,5.49,2.1612,4.2985
,,,,,,,163,5.0383,2.6512,5.1685,5.0419,2.651,5.1695,5.0456,2.6507,5.1706,5.0494,2.6503,5.1717,5.0529,2.6499,5.1728
,,,,,,,164,5.0263,2.1371,4.9152,5.0264,2.1383,4.9134,5.0265,2.1393,4.9118,5.0267,2.1404,4.9103,5.0269,2.1414,4.9089
,,,,,,,165,0.042571,2.4041,5.084,0.043773,2.405,5.0802,0.044985,2.4058,5.0762,0.046236,2.4067,5.0721,0.047464,2.4075,5.068
,,,,,,,166,0.92559,2.5722,5.8873,0.92584,2.573,5.8884,0.92609,2.5742,5.8894,0.92627,2.5755,5.8904,0.92641,2.5768,5.8913
,,,,,,,167,4.2814,3.068,3.6774,4.27,3.0688,3.665,4.2577,3.0696,3.6518,4.2451,3.0704,3.6384,4.233,3.0711,3.6254
,,,,,,,168,0.92566,2.5711,5.8908,0.92594,2.572,5.8919,0.92621,2.5733,5.893,0.92641,2.5746,5.894,0.92658,2.5759,5.895
,,,,,,,169,0.97931,2.8714,0.83823,0.98497,2.869,0.84309,0.98991,2.8665,0.84735,0.99445,2.864,0.85126,0.9985,2.8617,0.85474
,,,,,,,170,5.0692,2.6478,5.2029,5.0726,2.6477,5.2038,5.0764,2.6474,5.205,5.0802,2.647,5.2061,5.0837,2.6466,5.2072
,,,,,,,171,4.5373,2.1387,3.6349,4.5389,2.138,3.6308,4.5406,2.1374,3.6269,4.5424,2.1367,3.6232,4.5441,2.1361,3.6196
,,,,,,,172,0.46773,2.4961,6.0678,0.47196,2.496,6.0724,0.47616,2.496,6.077,0.48033,2.496,6.0816,0.48424,2.496,6.0858
,,,,,,,173,0.23257,2.7121,0.1057,0.23811,2.7118,0.10912,0.24367,2.7114,0.11252,0.24931,2.7111,0.11593,0.25474,2.7107,0.11918
,,,,,,,174,2.7711,2.8819,2.9545,2.767,2.8818,2.9544,2.7633,2.8818,2.9545,2.7597,2.8819,2.9547,2.7564,2.882,2.9549
,,,,,,,175,5.0345,2.4452,4.4617,5.0348,2.4443,4.4652,5.0353,2.4433,4.4688,5.0357,2.4422,4.4726,5.0362,2.4411,4.4763
,,,,,,,176,2.7703,2.8873,2.9552,2.7663,2.8872,2.9551,2.7626,2.8873,2.9553,2.759,2.8874,2.9555,2.7558,2.8875,2.9557
,,,,,,,177,5.0431,2.6449,5.1758,5.0467,2.6448,5.1768,5.0505,2.6445,5.1779,5.0543,2.6441,5.179,5.0579,2.6438,5.18
,,,,,,,178,4.6425,2.9842,4.369,4.6432,2.9842,4.368,4.6437,2.9842,4.3668,4.6441,2.9844,4.3657,4.6445,2.9846,4.3646
,,,,,,,179,0.91407,2.5766,5.8786,0.91447,2.5774,5.8798,0.91487,2.5787,5.8809,0.91518,2.58,5.882,0.91545,2.5813,5.883
,,,,,,,180,3.6214,2.5404,2.5134,3.629,2.5446,2.5203,3.6365,2.5488,2.5275,3.6439,2.553,2.5347,3.6509,2.5571,2.5416
,,,,,,,181,5.0284,2.1389,4.912,5.0285,2.14,4.9104,5.0287,2.141,4.9089,5.0289,2.1421,4.9075,5.0291,2.1431,4.9062
,,,,,,,182,5.2378,2.118,5.3235,5.2399,2.1201,5.3197,5.242,2.1223,5.3158,5.2442,2.1246,5.3118,5.2463,2.1268,5.308
,,,,,,,183,6.2755,2.272,5.3303,6.2744,2.2709,5.3303,6.2732,2.2698,5.3303,6.2721,2.2686,5.3303,6.2709,2.2675,5.3303
,,,,,,,184,2.7741,2.8892,2.9576,2.7701,2.8891,2.9575,2.7663,2.8891,2.9576,2.7627,2.8892,2.9578,2.7595,2.8893,2.9581
,,,,,,,185,3.4718,2.6327,3.7331,3.4732,2.6331,3.7336,3.4749,2.6336,3.7343,3.477,2.6342,3.7352,3.479,2.6347,3.7362
,,,,,,,186,5.03,2.4335,4.4594,5.0304,2.4324,4.463,5.031,2.4312,4.4668,5.0316,2.4299,4.4707,5.0321,2.4287,4.4745
,,,,,,,187,5.2719,2.9372,5.556,5.2705,2.9378,5.5563,5.2685,2.9388,5.5558,5.2663,2.9397,5.5551,5.2641,2.9407,5.5543
,,,,,,,188,4.2359,2.7096,3.8726,4.2316,2.7113,3.8695,4.2271,2.7131,3.8661,4.2226,2.7148,3.8627,4.2183,2.7164,3.8595
,,,,,,,189,5.551,2.5399,5.0628,5.5487,2.5395,5.0665,5.5461,2.5389,5.0699,5.5433,2.5381,5.0733,5.5406,2.5374,5.0764
,,,,,,,190,0.22982,2.7174,0.10085,0.23533,2.7171,0.10418,0.24084,2.7167,0.10748,0.24643,2.7164,0.11078,0.25182,2.7161,0.11394
,,,,,,,191,4.2391,2.7113,3.8733,4.2348,2.7131,3.8701,4.2303,2.7149,3.8667,4.2258,2.7166,3.8633,4.2215,2.7183,3.86
,,,,,,,192,3.9977,2.6745,3.0055,3.9989,2.675,3.0076,4.0,2.6754,3.0095,4.001,2.6759,3.0113,4.002,2.6762,3.013
,,,,,,,193,5.5766,2.0898,4.7079,5.576,2.0866,4.7074,5.5754,2.0834,4.7068,5.5748,2.0802,4.7062,5.5742,2.0773,4.7057
,,,,,,,194,0.47038,2.4849,6.0706,0.47451,2.4848,6.0751,0.47861,2.4847,6.0796,0.48268,2.4847,6.0841,0.4865,2.4847,6.0883
,,,,,,,195,5.2501,2.9416,3.9541,5.2466,2.942,3.9522,5.2421,2.9423,3.9491,5.2372,2.9425,3.9455,5.2324,2.9426,3.942
,,,,,,,196,4.538,2.1387,3.6315,4.5397,2.138,3.6274,4.5414,2.1374,3.6235,4.5431,2.1367,3.6197,4.5448,2.1361,3.6161
,,,,,,,197,4.2324,2.7096,3.8669,4.2281,2.7113,3.8637,4.2236,2.7131,3.8603,4.2191,2.7149,3.8569,4.2148,2.7165,3.8536
,,,,,,,198,0.46885,2.4997,6.07,0.47306,2.4996,6.0746,0.47725,2.4996,6.0791,0.4814,2.4996,6.0837,0.48529,2.4996,6.0879
,,,,,,,199,5.2409,2.1201,5.3242,5.2431,2.1222,5.3204,5.2453,2.1245,5.3165,5.2476,2.1267,5.3126,5.2497,2.1289,5.3088
,,,,,,,200,4.6443,1.8726,4.4043,4.645,1.8725,4.4052,4.6459,1.8725,4.4063,4.6468,1.8725,4.4074,4.6478,1.8724,4.4085
,,,,,,,201,2.7732,2.8806,2.9571,2.7692,2.8805,2.957,2.7654,2.8805,2.957,2.7618,2.8806,2.9572,2.7585,2.8807,2.9574
,,,,,,,202,4.4989,2.5575,3.7411,4.4921,2.5602,3.7328,4.4849,2.563,3.7242,4.4776,2.5657,3.7154,4.4704,2.5684,3.7068
,,,,,,,203,6.198,2.0822,5.1072,6.1957,2.0779,5.1037,6.1935,2.0736,5.1003,6.1913,2.0693,5.097,6.1892,2.0652,5.0938
,,,,,,,204,1.4325,3.0222,1.6982,1.4296,3.0231,1.6974,1.4243,3.0241,1.6942,1.4183,3.0251,1.6901,1.4122,3.0261,1.686
,,,,,,,205,3.8119,2.7684,4.0049,3.8151,2.7684,4.0077,3.819,2.7685,4.0109,3.8231,2.7686,4.0143,3.8272,2.7688,4.0177
,,,,,,,206,5.042,2.6503,5.1718,5.0455,2.6502,5.1728,5.0493,2.6498,5.1739,5.053,2.6494,5.1751,5.0565,2.649,5.1761
,,,,,,,207,5.37,2.5451,4.0707,5.3737,2.5451,4.0709,5.3774,2.5449,4.0711,5.3811,2.5448,4.0715,5.3846,2.5446,4.0718
,,,,,,,208,5.0424,1.9704,4.9483,5.0414,1.972,4.9458,5.0405,1.9736,4.9433,5.0397,1.9753,4.9409,5.0389,1.9768,4.9386
,,,,,,,209,0.064476,2.8045,5.6516,0.077533,2.8062,5.6653,0.09030900000000001,2.8079,5.6787,0.10303,2.8095,5.6919,0.11502,2.8111,5.7043
,,,,,,,210,3.4718,2.6334,3.7311,3.4732,2.6338,3.7317,3.4751,2.6344,3.7325,3.4771,2.6349,3.7335,3.4792,2.6355,3.7346
,,,,,,,211,0.6074,2.6994,5.5432,0.60944,2.7001,5.5447,0.61158,2.7008,5.5462,0.61369,2.7015,5.5477,0.61566,2.7022,5.5491
,,,,,,,212,3.4662,2.633,3.7251,3.4676,2.6333,3.7257,3.4694,2.6338,3.7264,3.4714,2.6344,3.7274,3.4735,2.635,3.7285
,,,,,,,213,5.5103,2.1044,5.1238,5.5109,2.1042,5.1246,5.5116,2.1041,5.1254,5.5123,2.1039,5.1262,5.5129,2.1037,5.1269
,,,,,,,214,4.724,2.6815,4.8485,4.7276,2.6811,4.8498,4.7313,2.6806,4.8509,4.7349,2.6801,4.8521,4.7382,2.6796,4.8533
,,,,,,,215,3.9426,2.4108,3.5226,3.9379,2.4132,3.5181,3.9334,2.4157,3.5134,3.9289,2.4182,3.5088,3.9247,2.4206,3.5044
,,,,,,,216,4.4772,2.5467,3.7206,4.4703,2.5494,3.7123,4.4632,2.5521,3.7036,4.4558,2.5548,3.6947,4.4486,2.5574,3.686
,,,,,,,217,0.99271,2.8749,0.84801,0.99823,2.8725,0.8527,1.003,2.87,0.85679,1.0074,2.8676,0.86055,1.0114,2.8653,0.8639
,,,,,,,218,6.0179,1.9647,4.8569,6.0169,1.9635,4.8555,6.0158,1.9623,4.8541,6.0147,1.9612,4.8526,6.0135,1.9602,4.8512
,,,,,,,219,5.0351,2.6525,5.1628,5.0386,2.6523,5.1638,5.0423,2.652,5.1649,5.046,2.6515,5.1661,5.0495,2.6511,5.1672
,,,,,,,220,4.6782,2.9802,4.4016,4.6787,2.9802,4.4005,4.6791,2.9803,4.3994,4.6794,2.9805,4.3983,4.6797,2.9807,4.3972
,,,,,,,221,0.5775,2.7022,5.511,0.57969,2.7029,5.5125,0.582,2.7037,5.5141,0.58428,2.7044,5.5156,0.58642,2.705,5.517
,,,,,,,222,3.8791,2.3537,3.0389,3.8803,2.3542,3.0406,3.8815,2.3547,3.0422,3.8826,2.3552,3.0437,3.8837,2.3557,3.0452
,,,,,,,223,2.0117,2.9848,0.90702,1.9959,2.9863,0.89184,1.9809,2.9878,0.87747,1.9659,2.9892,0.86319,1.9517,2.9906,0.84963
,,,,,,,224,5.6656,2.1051,4.69,5.6642,2.1018,4.6878,5.6627,2.0987,4.6855,5.6611,2.0956,4.6831,5.6595,2.0928,4.6808
,,,,,,,225,2.7881,2.8834,2.9714,2.784,2.8833,2.9713,2.7802,2.8833,2.9714,2.7766,2.8834,2.9716,2.7733,2.8835,2.9718
,,,,,,,226,3.1178,2.6978,2.3551,3.128,2.7007,2.3673,3.1388,2.7037,2.38,3.1499,2.7067,2.3929,3.1607,2.7094,2.4054
,,,,,,,227,5.1479,2.2024,4.1321,5.1504,2.1981,4.13,5.1527,2.1939,4.1278,5.155,2.1897,4.1257,5.1571,2.1859,4.1237
,,,,,,,228,4.2434,2.7115,3.8743,4.2391,2.7133,3.871,4.2345,2.7152,3.8676,4.2299,2.717,3.8641,4.2256,2.7187,3.8608
,,,,,,,229,4.5397,2.1393,3.6329,4.5413,2.1387,3.6288,4.543,2.138,3.6249,4.5448,2.1374,3.6211,4.5465,2.1368,3.6175
,,,,,,,230,4.7621,2.4313,3.9217,4.7614,2.4318,3.9182,4.7608,2.4323,3.9148,4.7602,2.4328,3.9113,4.7596,2.4332,3.908
,,,,,,,231,5.7378,2.0335,5.2121,5.7378,2.0323,5.2132,5.7379,2.0312,5.2144,5.738,2.0302,5.2155,5.7381,2.0292,5.2165
,,,,,,,232,0.47121,2.4884,6.0636,0.47548,2.4883,6.0683,0.47972,2.4883,6.073,0.48392,2.4883,6.0777,0.48786,2.4883,6.082
,,,,,,,233,4.8099,2.576,3.8865,4.8054,2.5778,3.8787,4.8009,2.5796,3.871,4.7963,2.5813,3.8632,4.7917,2.583,3.8555
,,,,,,,234,4.9854,1.8627,4.1207,4.9852,1.8607,4.1196,4.985,1.8589,4.1186,4.9849,1.8571,4.1176,4.9847,1.8555,4.1166
,,,,,,,235,0.47585,2.5014,6.0782,0.47993,2.5013,6.0826,0.48399,2.5013,6.087,0.48802,2.5013,6.0914,0.4918,2.5013,6.0954
,,,,,,,236,4.9228,2.1859,4.5888,4.9252,2.1848,4.5939,4.9274,2.1838,4.5989,4.9297,2.1828,4.6037,4.9318,2.182,4.6083
,,,,,,,237,5.2409,2.1215,5.3214,5.2431,2.1237,5.3175,5.2453,2.1259,5.3136,5.2476,2.1282,5.3096,5.2497,2.1304,5.3058
,,,,,,,238,5.5359,2.2584,4.4797,5.5352,2.254,4.4751,5.5344,2.2498,4.4705,5.5336,2.2457,4.4659,5.5328,2.2418,4.4616
,,,,,,,239,5.9817,2.9292,5.5469,5.9919,2.9295,5.5562,6.0028,2.9299,5.5661,6.0139,2.9302,5.5762,6.0245,2.9305,5.5859
,,,,,,,240,4.1017,3.1176,3.1919,4.098,3.1173,3.1885,4.092,3.117,3.1828,4.0859,3.1166,3.1771,4.0803,3.1163,3.1718
,,,,,,,241,5.5276,2.5518,5.034,5.5255,2.5516,5.0378,5.5232,2.5511,5.0414,5.5207,2.5505,5.045,5.5182,2.55,5.0483
,,,,,,,242,5.8524,1.8603,5.3022,5.8531,1.8614,5.3022,5.8539,1.8624,5.3022,5.8546,1.8634,5.3022,5.8553,1.8644,5.3022
,,,,,,,243,4.834,1.8951,3.9123,4.8366,1.8919,3.9121,4.839,1.8889,3.9119,4.8413,1.8859,3.9116,4.8435,1.8832,3.9114
,,,,,,,244,5.8478,1.8745,5.3012,5.8485,1.8754,5.3012,5.8492,1.8762,5.3012,5.8498,1.8771,5.3013,5.8505,1.8778,5.3013
,,,,,,,245,4.3835,2.2908,3.9634,4.3816,2.2922,3.9647,4.3797,2.2936,3.9661,4.3777,2.2949,3.9676,4.3758,2.2963,3.9691
,,,,,,,246,4.29,2.644,4.4589,4.2937,2.6437,4.4598,4.2972,2.6434,4.4605,4.3006,2.6431,4.4613,4.3038,2.6427,4.462
,,,,,,,247,6.0723,2.6876,6.0947,6.0669,2.6872,6.0909,6.0613,2.6868,6.087,6.0555,2.6864,6.0829,6.0499,2.686,6.0789
,,,,,,,248,0.47799,2.5013,6.0794,0.48205,2.5012,6.0837,0.4861,2.5012,6.0881,0.49011,2.5012,6.0924,0.49387,2.5013,6.0965
,,,,,,,249,5.5257,2.5513,5.0331,5.5236,2.5512,5.0369,5.5213,2.5507,5.0405,5.5188,2.5501,5.0441,5.5163,2.5495,5.0474
,,,,,,,250,5.3511,2.6628,4.9303,5.3491,2.664,4.9332,5.3464,2.6649,4.9355,5.3433,2.6657,4.9376,5.3404,2.6664,4.9395
,,,,,,,251,4.4664,2.1631,4.726,4.4644,2.1622,4.7213,4.4626,2.1614,4.7168,4.4608,2.1606,4.7124,4.4592,2.1599,4.7082
,,,,,,,252,4.2341,2.3544,4.5283,4.2343,2.3527,4.5237,4.2344,2.3511,4.5192,4.2345,2.3495,4.5149,4.2346,2.348,4.5109
,,,,,,,253,5.8561,1.8634,5.3029,5.8568,1.8643,5.3029,5.8575,1.8652,5.3029,5.8582,1.8662,5.303,5.8588,1.867,5.303
,,,,,,,254,4.7616,2.4293,3.9204,4.7609,2.4298,3.9169,4.7604,2.4303,3.9135,4.7598,2.4307,3.9101,4.7593,2.4312,3.9067
,,,,,,,255,4.7629,2.4291,3.9216,4.7623,2.4296,3.9182,4.7617,2.43,3.9148,4.7612,2.4305,3.9114,4.7606,2.4309,3.9081
,,,,,,,256,4.2354,2.3553,4.5326,4.2355,2.3536,4.5278,4.2356,2.3519,4.5233,4.2357,2.3503,4.5189,4.2358,2.3488,4.5148
,,,,,,,257,0.46674,2.8825,0.1771,0.47223,2.8825,0.17922,0.47745,2.8826,0.18135,0.48251,2.8828,0.18349,0.48721,2.883,0.1855
,,,,,,,258,5.7374,2.0356,5.2078,5.7374,2.0344,5.2091,5.7374,2.0332,5.2102,5.7375,2.0321,5.2114,5.7375,2.031,5.2125
,,,,,,,259,5.8017,2.8783,5.9035,5.7935,2.8776,5.898,5.7854,2.8768,5.8928,5.7774,2.876,5.8876,5.7699,2.8753,5.8828
,,,,,,,260,4.2852,2.6446,4.4532,4.2889,2.6444,4.454,4.2924,2.6441,4.4548,4.2958,2.6437,4.4556,4.299,2.6434,4.4564
,,,,,,,261,5.7901,2.8745,5.8938,5.7819,2.8737,5.8885,5.774,2.873,5.8834,5.7662,2.8722,5.8783,5.7589,2.8715,5.8737
,,,,,,,262,5.1993,2.0918,4.4578,5.1994,2.0877,4.4579,5.1994,2.0836,4.4579,5.1993,2.0796,4.4578,5.1991,2.0759,4.4575
,,,,,,,263,5.0324,2.0735,3.9076,5.0347,2.0715,3.9073,5.0368,2.0695,3.9069,5.0387,2.0676,3.9065,5.0405,2.0658,3.9062
,,,,,,,264,6.0188,2.1372,5.3771,6.0146,2.1337,5.3783,6.0107,2.1304,5.3794,6.0068,2.127,5.3805,6.0032,2.1239,5.3815
,,,,,,,265,3.746,2.3813,2.8929,3.7504,2.3822,2.8988,3.7546,2.383,2.9043,3.7587,2.3838,2.9097,3.7625,2.3846,2.9148
,,,,,,,266,5.7349,2.0408,5.2082,5.7349,2.0396,5.2094,5.735,2.0384,5.2106,5.735,2.0372,5.2118,5.735,2.0361,5.2129
,,,,,,,267,5.931,2.4977,4.8423,5.9314,2.4979,4.839,5.9318,2.4979,4.8354,5.9323,2.498,4.8318,5.9327,2.498,4.8283
,,,,,,,268,5.1968,2.0929,4.4523,5.1969,2.0887,4.4524,5.1968,2.0846,4.4523,5.1967,2.0805,4.4521,5.1966,2.0767,4.4519
,,,,,,,269,5.7991,2.2401,4.5099,5.7983,2.2387,4.5061,5.7975,2.2374,4.5025,5.7967,2.2362,4.4991,5.796,2.235,4.4958
,,,,,,,270,4.2201,2.3472,4.5167,4.2202,2.3455,4.5121,4.2203,2.3438,4.5077,4.2203,2.3422,4.5034,4.2204,2.3406,4.4995
,,,,,,,271,4.8214,1.8917,3.8908,4.8242,1.8887,3.8906,4.8268,1.8858,3.8905,4.8293,1.8829,3.8904,4.8316,1.8803,3.8902
,,,,,,,272,0.46815,2.501,6.0665,0.47243,2.5009,6.0712,0.47668,2.5009,6.0758,0.4809,2.5009,6.0804,0.48485,2.5009,6.0847
,,,,,,,273,4.3996,2.2429,3.5503,4.397,2.2429,3.5436,4.3941,2.2431,3.5369,4.3912,2.2432,3.53,4.3883,2.2434,3.5234
,,,,,,,274,2.7956,2.8791,2.9782,2.7915,2.879,2.9781,2.7876,2.879,2.9781,2.784,2.8791,2.9783,2.7807,2.8792,2.9785
,,,,,,,275,5.5232,2.2665,4.4654,5.5228,2.2621,4.4609,5.5222,2.2579,4.4563,5.5216,2.2537,4.4517,5.521,2.2499,4.4474
,,,,,,,276,0.46982,2.5013,6.0649,0.47413,2.5013,6.0697,0.47841,2.5013,6.0744,0.48265,2.5013,6.079,0.48663,2.5013,6.0834
,,,,,,,277,5.7006,2.7992,5.855,5.6958,2.7987,5.8526,5.6914,2.7983,5.8505,5.6872,2.7981,5.8484,5.6833,2.7978,5.8465
,,,,,,,278,5.4285,2.0849,5.6523,5.4329,2.0874,5.6543,5.4372,2.09,5.6563,5.4417,2.0926,5.6583,5.446,2.0951,5.6603
,,,,,,,279,5.8593,1.8655,5.3022,5.8599,1.8664,5.3023,5.8606,1.8672,5.3023,5.8612,1.868,5.3024,5.8618,1.8688,5.3025
,,,,,,,280,5.8631,1.8625,5.3067,5.8638,1.8634,5.3067,5.8645,1.8643,5.3068,5.8651,1.8651,5.3068,5.8658,1.8659,5.3069
,,,,,,,281,4.98,1.8602,4.1091,4.9799,1.8583,4.108,4.9798,1.8565,4.107,4.9797,1.8547,4.106,4.9795,1.8531,4.1051
,,,,,,,282,4.7974,1.9104,4.2314,4.798,1.9066,4.2321,4.7983,1.9027,4.2326,4.7986,1.8988,4.233,4.7988,1.8952,4.2332
,,,,,,,283,5.0475,2.6505,5.1729,5.0509,2.6503,5.1738,5.0546,2.6499,5.1749,5.0583,2.6495,5.1761,5.0617,2.649,5.1771
,,,,,,,284,1.9945,2.982,0.88727,1.9788,2.9834,0.87219,1.9638,2.9848,0.8579,1.9489,2.9862,0.8437,1.9348,2.9875,0.83023
,,,,,,,285,5.5963,2.4816,5.385,5.5942,2.4805,5.3839,5.5922,2.4794,5.3829,5.5904,2.4783,5.382,5.5886,2.4773,5.3811
,,,,,,,286,1.7068,2.9126,0.51914,1.6966,2.9127,0.51002,1.6865,2.9129,0.50085,1.6764,2.9131,0.49179,1.6669,2.9132,0.48325
,,,,,,,287,5.5991,2.4769,5.3902,5.5971,2.4758,5.3891,5.5953,2.4747,5.3882,5.5934,2.4736,5.3872,5.5917,2.4726,5.3864
,,,,,,,288,1.7092,2.9126,0.51868,1.6991,2.9128,0.50967,1.689,2.9129,0.50058,1.679,2.9131,0.49159,1.6695,2.9132,0.48312
,,,,,,,289,0.14361,2.3578,6.0212,0.14584,2.3572,6.0224,0.14821,2.3563,6.024,0.15065,2.3555,6.0256,0.15298,2.3546,6.0271
,,,,,,,290,3.6326,2.7952,2.8885,3.6383,2.7952,2.8944,3.6438,2.7953,2.8998,3.6491,2.7954,2.9051,3.654,2.7955,2.91
,,,,,,,291,4.7345,2.1822,4.7613,4.7341,2.1828,4.7591,4.7338,2.1834,4.7569,4.7335,2.184,4.7549,4.7332,2.1846,4.7531
,,,,,,,292,0.4776,2.5005,6.076,0.48172,2.5004,6.0805,0.48582,2.5004,6.0849,0.48989,2.5004,6.0893,0.4937,2.5005,6.0935
,,,,,,,293,5.9964,2.393,5.7289,5.993,2.3926,5.726,5.9896,2.3923,5.7233,5.9863,2.3921,5.7207,5.9831,2.3918,5.7183
,,,,,,,294,5.5909,2.482,5.3824,5.5889,2.481,5.3812,5.587,2.4799,5.3803,5.5852,2.4788,5.3794,5.5835,2.4777,5.3786
,,,,,,,295,2.941,2.9267,2.8639,2.936,2.9265,2.8581,2.9311,2.9262,2.8523,2.9262,2.926,2.8464,2.9213,2.9257,2.8407
,,,,,,,296,5.0298,2.3133,5.0169,5.031,2.314,5.0143,5.0321,2.3147,5.0119,5.0333,2.3154,5.0095,5.0343,2.316,5.0074
,,,,,,,297,4.7238,2.1868,4.7449,4.7235,2.1874,4.743,4.7233,2.1879,4.7411,4.7231,2.1885,4.7394,4.7229,2.189,4.7377
,,,,,,,298,6.0041,2.3903,5.7379,6.0008,2.39,5.7349,5.9974,2.3897,5.7322,5.9941,2.3895,5.7295,5.9909,2.3892,5.727
,,,,,,,299,4.6791,2.4284,3.7547,4.6771,2.429,3.7484,4.6751,2.4297,3.7424,4.6731,2.4303,3.7363,4.6711,2.4309,3.7303
,,,,,,,300,0.71731,2.4571,6.0615,0.72076,2.4584,6.0661,0.72415,2.4597,6.0705,0.72749,2.4609,6.0749,0.73059,2.4621,6.079
,,,,,,,301,5.6117,2.4702,5.399,5.6096,2.4691,5.3979,5.6078,2.468,5.3969,5.6059,2.467,5.396,5.6042,2.4659,5.3951
,,,,,,,302,4.4056,2.2319,3.558,4.4033,2.2319,3.5516,4.4007,2.232,3.5451,4.3981,2.2321,3.5385,4.3956,2.2322,3.5322
,,,,,,,303,3.626,2.7922,2.8803,3.632,2.7923,2.8863,3.6377,2.7924,2.892,3.6432,2.7925,2.8975,3.6483,2.7926,2.9027
,,,,,,,304,4.7293,2.1854,4.7541,4.729,2.186,4.752,4.7287,2.1866,4.75,4.7285,2.1872,4.7481,4.7283,2.1877,4.7463
,,,,,,,305,3.9318,2.9832,3.1818,3.9286,2.9831,3.1783,3.9253,2.983,3.1746,3.922,2.9829,3.171,3.9189,2.9828,3.1676
,,,,,,,306,4.6313,1.8753,4.6216,4.6315,1.8778,4.6213,4.6317,1.88,4.6209,4.6319,1.8821,4.6207,4.6322,1.8841,4.6204
,,,,,,,307,4.5345,2.6439,4.1187,4.5293,2.647,4.1172,4.5237,2.65,4.1156,4.518,2.6528,4.1139,4.5126,2.6554,4.1123
,,,,,,,308,4.7398,2.1777,4.7639,4.7394,2.1783,4.7617,4.7391,2.1789,4.7596,4.7388,2.1795,4.7576,4.7385,2.1801,4.7557
,,,,,,,309,5.8597,2.7338,5.0575,5.8642,2.7378,5.0627,5.869,2.7419,5.0681,5.8739,2.7462,5.0737,5.8788,2.7503,5.0792
,,,,,,,310,0.16675,2.6349,0.32332,0.16837,2.6346,0.32642,0.16979,2.6344,0.32919,0.1712,2.6341,0.3319,0.17253,2.6339,0.33446
,,,,,,,311,4.2316,2.3523,4.5288,4.2318,2.3505,4.5241,4.2318,2.3489,4.5196,4.2319,2.3472,4.5152,4.232,2.3457,4.5112
,,,,,,,312,6.1368,2.2047,5.2836,6.1342,2.2017,5.2838,6.1316,2.1985,5.2839,6.1289,2.1952,5.2841,6.1262,2.192,5.2842
,,,,,,,313,5.0356,2.311,5.0214,5.0367,2.3117,5.0188,5.0379,2.3124,5.0164,5.039,2.3131,5.014,5.0401,2.3137,5.0119
,,,,,,,314,6.2318,2.4264,5.7968,6.2319,2.4262,5.7984,6.232,2.426,5.8,6.232,2.4259,5.8015,6.232,2.4257,5.803
,,,,,,,315,3.5991,2.7459,3.4072,3.604,2.7452,3.4099,3.6086,2.7444,3.4125,3.613,2.7437,3.4148,3.6171,2.743,3.4169
,,,,,,,316,5.594,2.4807,5.3862,5.592,2.4797,5.3851,5.5901,2.4786,5.3841,5.5883,2.4775,5.3832,5.5866,2.4764,5.3823
,,,,,,,317,5.0856,1.902,4.3651,5.0847,1.9004,4.3639,5.0836,1.8989,4.3625,5.0824,1.8973,4.3612,5.0813,1.8958,4.3598
,,,,,,,318,4.7278,2.1833,4.7475,4.7275,2.1839,4.7455,4.7273,2.1845,4.7436,4.7271,2.1851,4.7419,4.7269,2.1856,4.7403
,,,,,,,319,0.39088,2.817,0.11451,0.39629,2.817,0.11641,0.4014,2.8171,0.11828,0.40635,2.8173,0.12015,0.41093,2.8174,0.12191
,,,,,,,320,0.169,2.6362,0.32442,0.17067,2.6359,0.32758,0.17215,2.6357,0.3304,0.17362,2.6354,0.33317,0.17501,2.6352,0.33577
,,,,,,,321,0.15385,2.3699,6.0325,0.15627,2.3693,6.0338,0.15882,2.3684,6.0354,0.16141,2.3675,6.037,0.16389,2.3666,6.0387
,,,,,,,322,4.7232,2.1843,4.747,4.7229,2.1849,4.745,4.7226,2.1855,4.7431,4.7224,2.1861,4.7412,4.7222,2.1866,4.7396
,,,,,,,323,4.7299,2.1867,4.7515,4.7296,2.1873,4.7495,4.7294,2.1879,4.7475,4.7292,2.1885,4.7457,4.729,2.189,4.744
,,,,,,,324,5.5918,2.4858,5.3867,5.5897,2.4847,5.3856,5.5879,2.4836,5.3846,5.586,2.4825,5.3836,5.5843,2.4815,5.3827
,,,,,,,325,5.5151,2.1815,5.6789,5.5206,2.1839,5.6811,5.5261,2.1863,5.6834,5.5316,2.1887,5.6856,5.5367,2.1908,5.6876
,,,,,,,326,4.3042,2.1567,4.172,4.304,2.1584,4.1776,4.304,2.1601,4.183,4.3039,2.1618,4.1883,4.3039,2.1635,4.1933
,,,,,,,327,5.6471,2.546,4.6912,5.6472,2.5462,4.6892,5.6474,2.5464,4.6871,5.6476,2.5466,4.685,5.6478,2.5468,4.6828
,,,,,,,328,5.8044,2.2428,4.5189,5.8035,2.2413,4.5149,5.8027,2.24,4.5112,5.8019,2.2387,4.5076,5.8011,2.2375,4.5042
,,,,,,,329,5.2614,2.0044,4.0202,5.2604,2.0048,4.0203,5.2594,2.0052,4.0205,5.2584,2.0056,4.0206,5.2574,2.0059,4.0207
,,,,,,,330,5.4274,2.0838,5.6552,5.4318,2.0863,5.6572,5.4361,2.0889,5.6592,5.4405,2.0915,5.6613,5.4448,2.094,5.6634
,,,,,,,331,5.8025,2.2439,4.5153,5.8017,2.2425,4.5114,5.8009,2.2411,4.5077,5.8001,2.2398,4.5042,5.7994,2.2387,4.5008
,,,,,,,332,4.7915,2.9783,4.3632,4.7939,2.9803,4.3647,4.7972,2.9826,4.3671,4.8007,2.9848,4.3697,4.8041,2.987,4.3722
,,,,,,,333,4.5385,2.6441,4.1198,4.5332,2.6473,4.1183,4.5276,2.6503,4.1167,4.522,2.6531,4.115,4.5166,2.6558,4.1134
,,,,,,,334,5.5161,2.1741,5.6826,5.5217,2.1766,5.6849,5.5272,2.1791,5.6872,5.5327,2.1815,5.6895,5.5379,2.1837,5.6916
,,,,,,,335,5.1349,2.6969,4.7153,5.1329,2.6988,4.7179,5.1301,2.7005,4.7199,5.1271,2.702,4.7218,5.1241,2.7033,4.7234
,,,,,,,336,4.7777,1.8808,3.8193,4.7811,1.8784,3.8194,4.7843,1.876,3.8195,4.7874,1.8736,3.8197,4.7903,1.8714,3.8198
,,,,,,,337,0.72609,2.4666,6.071,0.72936,2.4679,6.0753,0.73257,2.4691,6.0795,0.73573,2.4703,6.0837,0.73868,2.4715,6.0875
,,,,,,,338,4.3669,2.2103,4.1429,4.3664,2.2116,4.1482,4.3659,2.213,4.1538,4.3655,2.2144,4.1594,4.3651,2.2157,4.1647
,,,,,,,339,5.7994,2.245,4.5124,5.7986,2.2435,4.5085,5.7978,2.2422,4.5048,5.797,2.2409,4.5012,5.7963,2.2397,4.4979
,,,,,,,340,4.7785,1.8918,3.8133,4.7821,1.8894,3.8134,4.7854,1.887,3.8135,4.7886,1.8846,3.8137,4.7916,1.8824,3.8138
,,,,,,,341,3.459,3.0326,2.5734,3.4718,3.0333,2.5864,3.4839,3.0339,2.5989,3.4958,3.0344,2.611,3.5069,3.0349,2.6224
,,,,,,,342,5.7976,2.2541,4.5088,5.7969,2.2527,4.5049,5.7961,2.2513,4.5011,5.7955,2.25,4.4975,5.7948,2.2488,4.4942
,,,,,,,343,4.742,2.9818,4.315,4.7441,2.9839,4.3161,4.7469,2.986,4.3179,4.7498,2.9883,4.3199,4.7527,2.9904,4.3218
,,,,,,,344,4.2221,2.3459,4.5077,4.2223,2.3442,4.5034,4.2224,2.3426,4.4992,4.2225,2.3411,4.4952,4.2226,2.3396,4.4914
,,,,,,,345,5.6805,2.7373,5.8606,5.6774,2.7371,5.8594,5.6746,2.7371,5.8584,5.6719,2.7372,5.8574,5.6693,2.7374,5.8564
,,,,,,,346,3.6331,2.797,2.8887,3.6389,2.7971,2.8945,3.6444,2.7972,2.9,3.6497,2.7972,2.9053,3.6546,2.7973,2.9102
,,,,,,,347,5.8884,2.829,6.0015,5.8813,2.8285,5.9975,5.8742,2.828,5.9936,5.8673,2.8276,5.9899,5.8608,2.8271,5.9864
,,,,,,,348,3.547,2.4162,2.6572,3.5534,2.4181,2.6658,3.5601,2.4201,2.6746,3.5669,2.4221,2.6836,3.5734,2.424,2.6922
,,,,,,,349,6.0989,2.2754,4.9584,6.0973,2.2733,4.9535,6.0957,2.2713,4.9483,6.0941,2.2693,4.9429,6.0925,2.2673,4.9377
,,,,,,,350,0.37113,2.8146,0.097857,0.3766,2.8145,0.099745,0.3818,2.8146,0.10161,0.38681,2.8147,0.10347,0.39147,2.8148,0.10524
,,,,,,,351,6.1423,2.2032,5.2855,6.1398,2.2002,5.2857,6.1371,2.197,5.2858,6.1344,2.1938,5.2859,6.1318,2.1906,5.2861
,,,,,,,352,4.8235,2.4341,4.0287,4.8233,2.4344,4.0266,4.8232,2.4345,4.0247,4.8232,2.4347,4.0227,4.8231,2.4348,4.0208
,,,,,,,353,5.9413,2.9418,5.5086,5.9519,2.9422,5.5181,5.9633,2.9426,5.5285,5.9748,2.943,5.539,5.9858,2.9434,5.549
,,,,,,,354,5.4299,2.0733,5.6543,5.4341,2.0758,5.6562,5.4384,2.0783,5.6581,5.4427,2.0809,5.6601,5.4469,2.0834,5.6621
,,,,,,,355,0.74681,2.9245,0.29584,0.74803,2.9254,0.2955,0.7492,2.9262,0.2952,0.75038,2.927,0.29493,0.75149,2.9277,0.29467
,,,,,,,356,3.4926,3.0356,2.6062,3.5049,3.0362,2.6188,3.5164,3.0367,2.6306,3.5278,3.0371,2.6423,3.5384,3.0375,2.6532
,,,,,,,357,0.15555,2.3685,6.0299,0.15796,2.3678,6.0313,0.1605,2.367,6.0329,0.16309,2.366,6.0346,0.16557,2.3651,6.0363
,,,,,,,358,4.1039,2.5112,4.3078,4.1065,2.5105,4.3071,4.1089,2.5098,4.3064,4.1112,2.5091,4.3057,4.1134,2.5084,4.305
,,,,,,,359,4.0519,2.5931,2.9058,4.0532,2.5943,2.9085,4.0544,2.5955,2.911,4.0556,2.5966,2.9135,4.0567,2.5977,2.9159
,,,,,,,360,4.7777,1.8857,3.818,4.7813,1.8833,3.818,4.7845,1.8808,3.8182,4.7877,1.8785,3.8183,4.7906,1.8762,3.8184
,,,,,,,361,3.5965,2.7435,3.4038,3.6014,2.7428,3.4065,3.606,2.742,3.4089,3.6103,2.7413,3.4112,3.6144,2.7406,3.4133
,,,,,,,362,5.8809,1.8456,5.3434,5.8818,1.8468,5.3432,5.8828,1.848,5.343,5.8837,1.8491,5.3428,5.8845,1.8502,5.3426
,,,,,,,363,6.0109,2.3909,5.7451,6.0075,2.3905,5.7421,6.0042,2.3903,5.7393,6.0008,2.3901,5.7366,5.9976,2.3898,5.7341
,,,,,,,364,3.4014,3.0396,2.509,3.415,3.0405,2.5229,3.428,3.0412,2.5362,3.4408,3.0418,2.5493,3.4528,3.0424,2.5616
,,,,,,,365,4.4196,2.2474,4.1362,4.4191,2.2484,4.141,4.4186,2.2495,4.1462,4.418,2.2505,4.1515,4.4175,2.2516,4.1566
,,,,,,,366,5.5129,2.1914,5.6729,5.5184,2.1938,5.6751,5.5239,2.1961,5.6772,5.5293,2.1983,5.6793,5.5344,2.2004,5.6812
,,,,,,,367,4.6855,2.1352,3.6204,4.6885,2.1349,3.6187,4.692,2.1348,3.6174,4.6956,2.1347,3.6163,4.699,2.1346,3.6154
,,,,,,,368,5.1378,2.6968,4.7198,5.1357,2.6986,4.7223,5.1329,2.7003,4.7244,5.1299,2.7017,4.7262,5.1269,2.7031,4.7278
,,,,,,,369,3.3996,3.0383,2.5078,3.4132,3.0391,2.5217,3.4262,3.0399,2.535,3.439,3.0406,2.5481,3.451,3.0412,2.5605
,,,,,,,370,4.6795,2.2916,4.3803,4.6807,2.2913,4.3871,4.682,2.2911,4.3939,4.6834,2.2909,4.4006,4.6847,2.2907,4.407
,,,,,,,371,4.8454,2.224,3.8581,4.8497,2.2222,3.8564,4.8542,2.2202,3.8549,4.8588,2.2181,3.8536,4.8633,2.2161,3.8524
,,,,,,,372,4.7406,2.9805,4.3109,4.7425,2.9826,4.3119,4.7452,2.9848,4.3136,4.7481,2.9871,4.3155,4.7508,2.9892,4.3173
,,,,,,,373,4.0425,2.5951,2.8962,4.044,2.5964,2.8991,4.0454,2.5976,2.9018,4.0467,2.5988,2.9044,4.0479,2.5999,2.9069
,,,,,,,374,4.839,2.2273,3.8484,4.8433,2.2256,3.8466,4.8478,2.2237,3.8451,4.8524,2.2218,3.8437,4.8569,2.22,3.8425
,,,,,,,375,5.6454,2.107,4.3211,5.645,2.1073,4.3205,5.6445,2.1076,4.32,5.6441,2.108,4.3195,5.6437,2.1083,4.319
,,,,,,,376,0.75308,2.9269,0.30262,0.7543,2.9277,0.30228,0.75547,2.9285,0.30198,0.75665,2.9293,0.3017,0.75776,2.9301,0.30145
,,,,,,,377,5.8516,2.7423,5.0443,5.8562,2.7465,5.0495,5.861,2.7508,5.0549,5.8659,2.7553,5.0604,5.8708,2.7595,5.0658
,,,,,,,378,5.5117,2.1879,5.6724,5.5172,2.1903,5.6746,5.5228,2.1927,5.6768,5.5283,2.195,5.6789,5.5334,2.1971,5.6808
,,,,,,,379,6.0122,2.3887,5.7452,6.0088,2.3883,5.7422,6.0054,2.3881,5.7394,6.0021,2.3879,5.7368,5.9989,2.3877,5.7342
,,,,,,,380,4.8377,2.2272,3.8478,4.8419,2.2256,3.8461,4.8464,2.2237,3.8446,4.851,2.2217,3.8432,4.8555,2.2199,3.842
,,,,,,,381,1.8071,2.8212,1.8758,1.8084,2.8192,1.8763,1.8103,2.8174,1.8773,1.8122,2.8155,1.8784,1.814,2.8137,1.8793
,,,,,,,382,5.5086,2.181,5.6718,5.5142,2.1835,5.674,5.5198,2.1859,5.6762,5.5254,2.1883,5.6784,5.5306,2.1905,5.6804
,,,,,,,383,5.6431,2.1034,4.3132,5.6427,2.1038,4.3128,5.6423,2.1042,4.3124,5.6419,2.1047,4.3121,5.6415,2.1051,4.3118
,,,,,,,384,0.36419,2.7367,5.6992,0.37382,2.7405,5.7093,0.38326,2.744,5.7193,0.39261,2.7474,5.7292,0.40142,2.7506,5.7385
,,,,,,,385,0.3821,2.8153,0.10852,0.38756,2.8152,0.11043,0.39273,2.8153,0.11231,0.39773,2.8154,0.11418,0.40237,2.8156,0.11595
,,,,,,,386,0.69042,2.3964,0.094489,0.68924,2.3977,0.092182,0.68819,2.3988,0.090037,0.68719,2.4,0.087969,0.68628,2.4011,0.086054
,,,,,,,387,0.72345,2.4665,6.0721,0.72672,2.4678,6.0764,0.72994,2.469,6.0806,0.73311,2.4702,6.0848,0.73606,2.4713,6.0886
,,,,,,,388,4.6753,2.2903,4.3786,4.6765,2.2901,4.3854,4.6778,2.2899,4.3921,4.6792,2.2897,4.3989,4.6805,2.2895,4.4052
,,,,,,,389,5.7474,2.5374,5.0696,5.7473,2.5376,5.0728,5.747,2.5376,5.076,5.7467,2.5376,5.0791,5.7465,2.5376,5.0821
,,,,,,,390,4.6909,2.6152,4.1307,4.6871,2.6185,4.1291,4.6832,2.6218,4.1275,4.6792,2.625,4.1259,4.6754,2.6282,4.1243
,,,,,,,391,5.929,2.2285,6.0582,5.9266,2.2287,6.0575,5.9244,2.2292,6.0569,5.9223,2.2299,6.0564,5.9203,2.2305,6.056
,,,,,,,392,6.0209,2.0247,4.8082,6.0192,2.0235,4.8054,6.0173,2.0224,4.8024,6.0153,2.0215,4.7994,6.0133,2.0207,4.7965
,,,,,,,393,6.2666,2.4279,0.046638,6.2658,2.4279,0.048178,6.2649,2.4279,0.049631,6.2638,2.4278,0.05105,6.2628,2.4278,0.052389
,,,,,,,394,5.379,2.6478,5.2597,5.3767,2.6463,5.2579,5.3748,2.6449,5.2564,5.3729,2.6436,5.2551,5.3711,2.6423,5.2538
,,,,,,,395,5.5173,2.1748,5.6791,5.5228,2.1773,5.6814,5.5284,2.1797,5.6837,5.5339,2.182,5.6858,5.5391,2.1842,5.6879
,,,,,,,396,4.417,2.3137,4.017,4.4153,2.315,4.019,4.4135,2.3163,4.0212,4.4117,2.3176,4.0235,4.4099,2.3189,4.0257
,,,,,,,397,4.6833,2.6113,4.1277,4.6794,2.6146,4.1262,4.6756,2.6178,4.1247,4.6716,2.6211,4.1232,4.6677,2.6242,4.1216
,,,,,,,398,4.4192,2.3112,4.0251,4.4175,2.3124,4.0273,4.4158,2.3137,4.0297,4.4141,2.315,4.0322,4.4124,2.3163,4.0346
,,,,,,,399,0.72037,2.4672,6.0646,0.72377,2.4685,6.0691,0.72712,2.4698,6.0734,0.7304,2.471,6.0777,0.73346,2.4722,6.0817
,,,,,,,400,5.5145,2.1833,5.6771,5.5201,2.1858,5.6794,5.5256,2.1882,5.6816,5.5311,2.1905,5.6837,5.5362,2.1926,5.6857
,,,,,,,401,4.2218,2.3453,4.5179,4.2219,2.3435,4.5133,4.2219,2.3418,4.5089,4.222,2.3402,4.5046,4.222,2.3387,4.5007
,,,,,,,402,5.5101,2.1878,5.6722,5.5157,2.1902,5.6744,5.5213,2.1925,5.6766,5.5268,2.1949,5.6787,5.5319,2.197,5.6806
,,,,,,,403,4.4168,2.312,4.0234,4.4151,2.3133,4.0255,4.4133,2.3146,4.0279,4.4115,2.3159,4.0303,4.4098,2.3172,4.0327
,,,,,,,404,5.7977,2.2507,4.5096,5.7969,2.2492,4.5057,5.7962,2.2478,4.502,5.7955,2.2465,4.4984,5.7949,2.2453,4.4951
,,,,,,,405,1.7922,2.825,1.8618,1.7935,2.823,1.8624,1.7955,2.8211,1.8635,1.7975,2.8192,1.8646,1.7994,2.8175,1.8657
,,,,,,,406,4.8483,2.2239,3.8609,4.8525,2.2221,3.8592,4.857,2.22,3.8578,4.8617,2.2179,3.8565,4.8661,2.2159,3.8553
,,,,,,,407,4.719,2.1838,4.7384,4.7187,2.1844,4.7365,4.7185,2.185,4.7348,4.7184,2.1855,4.7331,4.7182,2.1861,4.7316
,,,,,,,408,5.3973,2.1197,4.8537,5.3988,2.1173,4.857,5.4003,2.1152,4.8603,5.4018,2.1131,4.8636,5.4033,2.1112,4.8667
,,,,,,,409,4.5954,2.7062,4.788,4.5994,2.7065,4.789,4.6037,2.7066,4.7903,4.608,2.7066,4.7917,4.6122,2.7067,4.793
,,,,,,,410,5.3534,2.4625,4.3774,5.3543,2.461,4.3748,5.3553,2.4594,4.3721,5.3564,2.4578,4.3693,5.3574,2.4561,4.3665
,,,,,,,411,0.52872,2.69,0.49948,0.53604,2.6879,0.50693,0.54271,2.6859,0.51369,0.54897,2.6839,0.52002,0.55467,2.682,0.52577
,,,,,,,412,4.7572,2.981,4.3269,4.7594,2.9831,4.3281,4.7623,2.9853,4.3301,4.7654,2.9875,4.3321,4.7684,2.9897,4.3342
,,,,,,,413,4.584,2.7016,4.7814,4.5879,2.7019,4.7823,4.5922,2.7021,4.7834,4.5966,2.7022,4.7847,4.6007,2.7022,4.786
,,,,,,,414,5.3878,2.0247,4.7591,5.3887,2.0235,4.761,5.39,2.0223,4.7631,5.3914,2.0211,4.7653,5.3927,2.02,4.7673
,,,,,,,415,5.391,2.0226,4.7617,5.3919,2.0214,4.7636,5.3932,2.0202,4.7656,5.3946,2.0191,4.7678,5.3959,2.018,4.7698
,,,,,,,416,4.8404,2.2253,3.8508,4.8446,2.2236,3.849,4.8491,2.2216,3.8476,4.8538,2.2196,3.8463,4.8582,2.2178,3.845
,,,,,,,417,4.5874,2.7044,4.7829,4.5914,2.7047,4.7839,4.5957,2.7049,4.7851,4.6001,2.705,4.7865,4.6042,2.705,4.7878
,,,,,,,418,0.53895,2.6348,6.2788,0.54045,2.6352,6.2793,0.54202,2.6357,6.2798,0.54361,2.6361,6.2805,0.54512,2.6365,6.281
,,,,,,,419,4.9538,2.0868,4.941,4.9529,2.088,4.9374,4.9521,2.0892,4.934,4.9513,2.0905,4.9307,4.9507,2.0916,4.9276
,,,,,,,420,5.6446,2.1058,4.3162,5.6442,2.1061,4.3157,5.6438,2.1065,4.3153,5.6433,2.1069,4.3149,5.6429,2.1073,4.3145
,,,,,,,421,0.14848,2.3595,6.0236,0.15076,2.3589,6.025,0.15319,2.358,6.0265,0.15567,2.3571,6.0282,0.15806,2.3562,6.0298
,,,,,,,422,4.6339,2.4435,4.1373,4.6324,2.4448,4.1388,4.6309,2.446,4.1406,4.6293,2.4472,4.1425,4.6278,2.4483,4.1443
,,,,,,,423,4.5701,2.767,4.7705,4.5734,2.7673,4.7718,4.5775,2.7675,4.7737,4.5818,2.7676,4.7759,4.586,2.7676,4.7781
,,,,,,,424,3.6257,2.7894,2.8778,3.6318,2.7895,2.884,3.6375,2.7897,2.8897,3.6431,2.7898,2.8953,3.6483,2.7899,2.9005
,,,,,,,425,0.56324,3.0188,0.3004,0.5712,3.0186,0.3045,0.57894,3.0184,0.30849,0.58659,3.0183,0.31252,0.59376,3.0182,0.31636
,,,,,,,426,0.43767,2.8641,5.6644,0.44372,2.867,5.6709,0.44978,2.8698,5.6775,0.45578,2.8726,5.684,0.46142,2.8752,5.6901
,,,,,,,427,3.6111,2.7838,2.8655,3.6174,2.7839,2.8719,3.6234,2.7841,2.878,3.6293,2.7842,2.8839,3.6347,2.7843,2.8894
,,,,,,,428,4.2086,2.1752,4.4639,4.2078,2.1746,4.4614,4.2071,2.174,4.4591,4.2064,2.1735,4.4569,4.2057,2.173,4.4549
,,,,,,,429,4.2187,2.1825,4.4783,4.2178,2.1818,4.4757,4.2171,2.1811,4.4731,4.2163,2.1805,4.4707,4.2156,2.1799,4.4684
,,,,,,,430,6.1365,2.2087,5.2779,6.134,2.2057,5.278,6.1314,2.2025,5.2781,6.1288,2.1993,5.2782,6.1262,2.1961,5.2783
,,,,,,,431,4.9266,2.4004,4.6292,4.927,2.3995,4.6348,4.9275,2.3985,4.64,4.928,2.3976,4.6452,4.9284,2.3967,4.6501
,,,,,,,432,5.8573,1.9185,5.5423,5.86,1.9195,5.5415,5.8626,1.9204,5.5407,5.8652,1.9214,5.5399,5.8676,1.9223,5.5392
,,,,,,,433,0.14821,2.3597,6.0239,0.1505,2.3591,6.0252,0.15292,2.3582,6.0267,0.15541,2.3573,6.0284,0.15779,2.3564,6.03
,,,,,,,434,4.7323,2.1785,4.7588,4.7319,2.1791,4.7566,4.7316,2.1797,4.7545,4.7313,2.1803,4.7525,4.731,2.1809,4.7507
,,,,,,,435,5.6314,2.7594,4.3548,5.6327,2.7606,4.3537,5.6347,2.7617,4.3531,5.637,2.7628,4.3529,5.6394,2.7638,4.3528
,,,,,,,436,5.6489,2.1073,4.3183,5.6485,2.1076,4.3179,5.6481,2.108,4.3174,5.6477,2.1084,4.317,5.6472,2.1088,4.3167
,,,,,,,437,3.6241,2.7841,2.8779,3.6301,2.7842,2.884,3.6358,2.7843,2.8898,3.6414,2.7844,2.8954,3.6465,2.7845,2.9006
,,,,,,,438,4.7244,2.1853,4.7453,4.7241,2.1859,4.7433,4.7239,2.1865,4.7415,4.7237,2.1871,4.7397,4.7236,2.1876,4.7381
,,,,,,,439,0.44366,2.8664,5.6682,0.4496,2.8692,5.6746,0.45555,2.872,5.6811,0.46144,2.8747,5.6875,0.46698,2.8772,5.6936
,,,,,,,440,4.7053,2.0158,4.0778,4.708,2.011,4.0798,4.7106,2.0059,4.0817,4.7133,2.0007,4.0836,4.7158,1.9957,4.0854
,,,,,,,441,0.31865,2.8137,6.0145,0.32536,2.8137,6.0207,0.33209,2.8137,6.0268,0.33878,2.8138,6.033,0.34508,2.8138,6.0387
,,,,,,,442,5.0743,1.9092,4.0228,5.0741,1.9084,4.0222,5.0738,1.9076,4.0216,5.0735,1.9069,4.0211,5.0732,1.9062,4.0206
,,,,,,,443,0.62025,2.5993,0.090528,0.62024,2.6002,0.089396,0.62033,2.6012,0.088389,0.62045,2.6021,0.087431,0.62058,2.603,0.086544
,,,,,,,444,5.9221,2.065,4.5178,5.9217,2.0657,4.517,5.9213,2.0664,4.5161,5.921,2.0672,4.5154,5.9206,2.0679,4.5146
,,,,,,,445,4.5722,2.7651,4.7763,4.5755,2.7654,4.7776,4.5796,2.7657,4.7795,4.5839,2.7658,4.7816,4.5881,2.7659,4.7836
,,,,,,,446,4.4044,2.2382,3.5505,4.402,2.2381,3.5438,4.3992,2.2383,3.5371,4.3964,2.2384,3.5303,4.3936,2.2384,3.5237
,,,,,,,447,5.3261,2.4669,4.3507,5.3271,2.4656,4.3481,5.3282,2.4641,4.3454,5.3294,2.4626,4.3426,5.3305,2.4611,4.3399
,,,,,,,448,6.1811,2.3902,5.3114,6.181,2.39,5.3129,6.1808,2.3898,5.3143,6.1806,2.3896,5.3158,6.1804,2.3894,5.3171
,,,,,,,449,5.5438,1.9162,5.2201,5.5446,1.919,5.2179,5.5456,1.9217,5.2159,5.5465,1.9243,5.2139,5.5474,1.9268,5.2121
,,,,,,,450,5.3391,2.4612,4.3612,5.3401,2.4598,4.3585,5.3412,2.4582,4.3558,5.3423,2.4565,4.353,5.3434,2.4549,4.3502
,,,,,,,451,5.3399,2.4618,4.3596,5.3409,2.4604,4.3569,5.342,2.4588,4.3541,5.3431,2.4571,4.3513,5.3443,2.4555,4.3485
,,,,,,,452,4.7057,2.0098,4.0805,4.7083,2.0049,4.0825,4.7109,1.9998,4.0844,4.7135,1.9945,4.0863,4.716,1.9893,4.088
,,,,,,,453,0.14669,2.3621,6.0224,0.14897,2.3614,6.0237,0.15139,2.3606,6.0253,0.15388,2.3597,6.0269,0.15626,2.3588,6.0285
,,,,,,,454,0.62665,2.6113,0.10909,0.62655,2.6124,0.10782,0.62652,2.6134,0.10667,0.62654,2.6144,0.10557,0.62657,2.6154,0.10455
,,,,,,,455,5.3336,2.4637,4.3567,5.3346,2.4624,4.3541,5.3356,2.4608,4.3514,5.3368,2.4592,4.3486,5.3379,2.4576,4.3459
,,,,,,,456,4.268,2.8223,3.0743,4.2664,2.8224,3.0746,4.2649,2.8224,3.0748,4.2635,2.8224,3.075,4.2621,2.8224,3.0752
,,,,,,,457,4.1498,2.6852,4.2891,4.1537,2.6848,4.2914,4.1575,2.6843,4.2935,4.1612,2.6839,4.2957,4.1647,2.6834,4.2977
,,,,,,,458,5.5984,2.4744,5.3821,5.5964,2.4733,5.3811,5.5945,2.4723,5.3802,5.5926,2.4712,5.3793,5.5909,2.4701,5.3786
,,,,,,,459,5.3533,2.4541,4.3765,5.3543,2.4525,4.3739,5.3553,2.4508,4.3712,5.3564,2.4489,4.3684,5.3575,2.4471,4.3656
,,,,,,,460,3.8244,2.5742,3.7043,3.8247,2.5728,3.7055,3.8243,2.5713,3.7063,3.8239,2.5697,3.7069,3.8234,2.5682,3.7075
,,,,,,,461,4.4045,2.2344,3.5519,4.402,2.2344,3.5452,4.3994,2.2345,3.5386,4.3967,2.2346,3.5319,4.394,2.2346,3.5254
,,,,,,,462,0.61758,2.6036,0.10073,0.61759,2.6046,0.09958,0.61768,2.6056,0.098545,0.61781,2.6066,0.097556,0.61795,2.6075,0.096638
,,,,,,,463,5.311,2.1878,4.6023,5.3117,2.1827,4.6041,5.3125,2.1778,4.6061,5.3133,2.1729,4.6081,5.3141,2.1684,4.61
,,,,,,,464,2.0389,2.9877,0.93325,2.0231,2.9893,0.91806,2.0081,2.9908,0.90369,1.9931,2.9923,0.8894,1.9788,2.9937,0.87581
,,,,,,,465,0.14898,2.3588,6.0225,0.15126,2.3582,6.0238,0.15369,2.3573,6.0254,0.15616,2.3564,6.0271,0.15854,2.3555,6.0287
,,,,,,,466,6.1481,2.59,6.1172,6.1445,2.5897,6.114,6.1407,2.5895,6.1106,6.1367,2.5892,6.1071,6.1328,2.5889,6.1036
,,,,,,,467,4.7324,2.1806,4.7578,4.732,2.1812,4.7556,4.7317,2.1818,4.7536,4.7314,2.1824,4.7516,4.7312,2.183,4.7498
,,,,,,,468,5.8617,2.7324,5.054,5.8661,2.7364,5.059,5.8707,2.7406,5.0643,5.8755,2.7448,5.0697,5.8803,2.7489,5.0749
,,,,,,,469,5.5456,1.9204,5.2187,5.5465,1.9232,5.2166,5.5474,1.9258,5.2146,5.5483,1.9284,5.2127,5.5492,1.9308,5.211
,,,,,,,470,5.6277,2.7579,4.3551,5.629,2.7591,4.3539,5.6309,2.7603,4.3532,5.6331,2.7614,4.3528,5.6354,2.7625,4.3526
,,,,,,,471,5.1087,2.9295,4.6424,5.1132,2.9323,4.6471,5.1188,2.9353,4.6527,5.1248,2.9382,4.6587,5.1307,2.941,4.6647
,,,,,,,472,0.3267,3.0547,5.5033,0.32667,3.0558,5.5043,0.32698,3.057,5.5057,0.32718,3.0581,5.5069,0.32729,3.0591,5.5079
,,,,,,,473,3.8085,2.5695,3.6912,3.809,2.5681,3.6925,3.8088,2.5665,3.6934,3.8086,2.5649,3.6941,3.8082,2.5634,3.6948
,,,,,,,474,0.44354,2.8616,5.6654,0.44946,2.8645,5.6717,0.45538,2.8673,5.6782,0.46124,2.8701,5.6845,0.46675,2.8727,5.6906
,,,,,,,475,4.2237,2.3484,4.5225,4.2238,2.3466,4.5179,4.2238,2.3449,4.5134,4.2239,2.3432,4.5091,4.2239,2.3417,4.505
,,,,,,,476,5.2578,2.3429,4.1121,5.2611,2.3406,4.11,5.2643,2.3383,4.1079,5.2674,2.336,4.106,5.2703,2.3338,4.1042
,,,,,,,477,4.7367,2.1857,4.7622,4.7363,2.1862,4.7599,4.736,2.1868,4.7578,4.7357,2.1874,4.7558,4.7355,2.188,4.754
,,,,,,,478,5.6314,2.7621,4.3569,5.6326,2.7633,4.3557,5.6345,2.7644,4.355,5.6367,2.7656,4.3547,5.6389,2.7666,4.3546
,,,,,,,479,3.6579,2.8014,2.9097,3.6632,2.8014,2.9149,3.6681,2.8015,2.9198,3.6729,2.8015,2.9246,3.6773,2.8016,2.929
,,,,,,,480,4.2119,2.1863,4.4647,4.2112,2.1856,4.4622,4.2105,2.185,4.4598,4.2098,2.1844,4.4575,4.2092,2.1839,4.4554
,,,,,,,481,4.7103,2.3041,4.363,4.7115,2.3035,4.3695,4.7127,2.303,4.3764,4.7141,2.3025,4.3833,4.7154,2.302,4.3899
,,,,,,,482,4.2897,2.2793,4.1189,4.2877,2.281,4.1231,4.2858,2.2826,4.1273,4.2839,2.2841,4.1313,4.2821,2.2856,4.1352
,,,,,,,483,6.1462,2.5958,6.1198,6.1425,2.5956,6.1166,6.1387,2.5953,6.1133,6.1346,2.595,6.1098,6.1307,2.5948,6.1063
,,,,,,,484,6.141,2.7656,4.8853,6.1436,2.7677,4.8853,6.1465,2.7697,4.8854,6.1494,2.7717,4.8856,6.1523,2.7734,4.886
,,,,,,,485,0.16691,2.6273,0.31674,0.16875,2.627,0.3201,0.17043,2.6267,0.32314,0.1721,2.6265,0.32613,0.17369,2.6262,0.32896
,,,,,,,486,0.1488,2.3649,6.0222,0.15111,2.3642,6.0236,0.15357,2.3634,6.0252,0.15609,2.3625,6.0269,0.1585,2.3616,6.0286
,,,,,,,487,6.1424,2.589,6.1159,6.1387,2.5887,6.1126,6.1347,2.5884,6.1092,6.1306,2.5881,6.1056,6.1266,2.5879,6.1021
,,,,,,,488,5.6318,2.7607,4.3602,5.6331,2.7619,4.3589,5.6349,2.7631,4.3581,5.6371,2.7643,4.3577,5.6393,2.7653,4.3575
,,,,,,,489,4.2059,2.1799,4.4633,4.2052,2.1792,4.4608,4.2045,2.1786,4.4584,4.2038,2.178,4.4561,4.2031,2.1775,4.454
,,,,,,,490,4.729,2.1842,4.7517,4.7287,2.1848,4.7496,4.7284,2.1854,4.7477,4.7282,2.186,4.7458,4.728,2.1865,4.7441
,,,,,,,491,6.1397,2.1966,5.2794,6.1372,2.1935,5.2794,6.1345,2.1902,5.2795,6.1318,2.1868,5.2795,6.1291,2.1835,5.2796
,,,,,,,492,0.61469,2.6035,0.088969,0.61478,2.6045,0.087913,0.61495,2.6054,0.086979,0.61515,2.6063,0.086094,0.61536,2.6072,0.085273
,,,,,,,493,2.0461,2.9832,0.93852,2.0305,2.9848,0.92344,2.0155,2.9864,0.90913,2.0006,2.9879,0.89488,1.9864,2.9893,0.88134
,,,,,,,494,3.8139,2.5728,3.6941,3.8143,2.5714,3.6954,3.8141,2.5699,3.6962,3.8137,2.5683,3.6969,3.8134,2.5668,3.6976
,,,,,,,495,3.8056,2.5691,3.687,3.8061,2.5677,3.6883,3.8059,2.5661,3.6892,3.8056,2.5645,3.69,3.8053,2.563,3.6907
,,,,,,,496,0.14999,2.3638,6.0238,0.15231,2.3632,6.0252,0.15477,2.3623,6.0268,0.15729,2.3614,6.0285,0.15971,2.3605,6.0301
,,,,,,,497,2.0379,2.9842,0.92983,2.0222,2.9858,0.91474,2.0073,2.9873,0.90043,1.9924,2.9888,0.88619,1.9782,2.9902,0.87265
,,,,,,,498,6.0797,2.1014,4.7336,6.0778,2.1011,4.7299,6.0761,2.1009,4.7263,6.0745,2.1007,4.7227,6.0729,2.1005,4.7194
,,,,,,,499,5.6362,1.9815,5.4108,5.6394,1.984,5.409,5.6426,1.9863,5.4072,5.6456,1.9886,5.4055,5.6484,1.9907,5.404
,,,,,,,500,5.666,2.138,5.7327,5.6699,2.1392,5.7339,5.6739,2.1403,5.735,5.6779,2.1414,5.7361,5.6816,2.1423,5.7371
,,,,,,,501,0.75824,2.7044,0.14309,0.75636,2.7056,0.14036,0.75467,2.7068,0.13784,0.75306,2.7079,0.13541,0.75159,2.709,0.13316
,,,,,,,502,3.8018,2.5611,3.6813,3.8022,2.5597,3.6826,3.802,2.5582,3.6833,3.8016,2.5566,3.684,3.8012,2.5551,3.6847
,,,,,,,503,1.6384,2.9524,1.5586,1.637,2.9487,1.5566,1.6354,2.945,1.5544,1.6337,2.9414,1.5521,1.632,2.9381,1.5499
,,,,,,,504,5.0816,1.901,4.3653,5.0806,1.8995,4.364,5.0795,1.8979,4.3627,5.0784,1.8963,4.3613,5.0773,1.8949,4.36
,,,,,,,505,4.5271,2.614,3.9617,4.5214,2.6179,3.9576,4.5156,2.6218,3.9533,4.5096,2.6258,3.9489,4.5038,2.6296,3.9445
,,,,,,,506,0.75815,2.7036,0.1439,0.75626,2.7049,0.14116,0.75457,2.706,0.13864,0.75295,2.7071,0.1362,0.75147,2.7082,0.13394
,,,,,,,507,0.62582,2.6014,0.098905,0.62572,2.6024,0.097671,0.62571,2.6034,0.096561,0.62574,2.6044,0.095501,0.62578,2.6053,0.094517
,,,,,,,508,5.5153,2.6529,5.3262,5.5114,2.6518,5.3233,5.5077,2.6509,5.3209,5.5042,2.6499,5.3186,5.5008,2.6489,5.3164
,,,,,,,509,3.6569,2.7989,2.9098,3.6622,2.7989,2.915,3.6671,2.799,2.9199,3.6719,2.799,2.9247,3.6763,2.799,2.9291
,,,,,,,510,5.6333,1.9877,5.4073,5.6364,1.99,5.4055,5.6395,1.9923,5.4038,5.6425,1.9946,5.4021,5.6453,1.9966,5.4006
,,,,,,,511,3.8118,2.5708,3.6912,3.8123,2.5694,3.6925,3.812,2.5679,3.6933,3.8117,2.5663,3.694,3.8113,2.5648,3.6947
,,,,,,,512,3.8119,2.574,3.692,3.8123,2.5727,3.6933,3.8122,2.5711,3.6942,3.8119,2.5695,3.6949,3.8116,2.568,3.6956
,,,,,,,513,5.6665,2.135,5.7287,5.6705,2.1361,5.7299,5.6745,2.1372,5.731,5.6785,2.1382,5.732,5.6823,2.1392,5.7329
,,,,,,,514,6.0765,2.0954,4.7348,6.0746,2.0951,4.7311,6.0729,2.0948,4.7275,6.0712,2.0947,4.724,6.0696,2.0945,4.7207
,,,,,,,515,1.6688,2.9612,1.5965,1.6669,2.9575,1.594,1.6648,2.9537,1.5914,1.6627,2.9501,1.5888,1.6607,2.9466,1.5863
,,,,,,,516,4.2252,2.3496,4.523,4.2253,2.3479,4.5183,4.2254,2.3462,4.5139,4.2254,2.3445,4.5095,4.2255,2.343,4.5055
,,,,,,,517,5.1457,2.7373,4.6234,5.1454,2.7411,4.6269,5.145,2.7448,4.6303,5.1446,2.7485,4.6337,5.1443,2.7521,4.6369
,,,,,,,518,1.7029,2.9573,1.6278,1.7003,2.9536,1.6247,1.6976,2.9499,1.6214,1.6949,2.9462,1.6181,1.6923,2.9428,1.615
,,,,,,,519,3.8073,2.5672,3.687,3.8077,2.5658,3.6883,3.8075,2.5643,3.6891,3.8071,2.5627,3.6898,3.8068,2.5612,3.6905
,,,,,,,520,4.5956,2.3351,4.1076,4.5953,2.3354,4.1101,4.595,2.3357,4.1129,4.5947,2.336,4.1157,4.5945,2.3363,4.1184
,,,,,,,521,4.8377,2.2217,3.8489,4.842,2.22,3.8471,4.8465,2.218,3.8457,4.8512,2.216,3.8444,4.8557,2.2142,3.8432
,,,,,,,522,5.9512,2.9375,5.5205,5.9615,2.9379,5.5298,5.9726,2.9383,5.5399,5.9839,2.9386,5.5502,5.9947,2.939,5.56
,,,,,,,523,6.2068,2.0887,5.1049,6.2045,2.0846,5.1011,6.2022,2.0806,5.0975,6.2,2.0766,5.094,6.1979,2.0727,5.0905
,,,,,,,524,3.6524,2.7991,2.9077,3.6577,2.7991,2.9129,3.6627,2.7992,2.9179,3.6675,2.7992,2.9227,3.672,2.7992,2.9271
,,,,,,,525,4.5558,2.3414,3.6987,4.5541,2.3419,3.6932,4.5523,2.3424,3.6878,4.5505,2.3429,3.6824,4.5487,2.3433,3.6771
,,,,,,,526,3.3704,3.037,3.2006,3.3745,3.0369,3.2017,3.3791,3.0368,3.2033,3.3838,3.0368,3.2049,3.3882,3.0367,3.2063
,,,,,,,527,5.9572,2.9415,5.5276,5.9676,2.9418,5.537,5.9788,2.9422,5.5471,5.9901,2.9425,5.5573,6.0009,2.9429,5.5672
,,,,,,,528,5.2629,2.9733,4.7197,5.2723,2.9765,4.7287,5.2816,2.9797,4.7378,5.2912,2.9829,4.747,5.3004,2.9858,4.7559
,,,,,,,529,4.2157,2.1929,4.4724,4.215,2.1922,4.4697,4.2142,2.1914,4.4672,4.2135,2.1908,4.4647,4.2129,2.1902,4.4624
,,,,,,,530,0.74383,2.706,0.13186,0.74222,2.7071,0.12939,0.74079,2.7082,0.12713,0.73944,2.7093,0.12495,0.73821,2.7103,0.12294
,,,,,,,531,1.6977,2.9572,1.619,1.6952,2.9535,1.6159,1.6926,2.9498,1.6126,1.6899,2.9462,1.6093,1.6873,2.9428,1.6062
,,,,,,,532,4.222,2.3478,4.5197,4.2221,2.346,4.5151,4.2222,2.3443,4.5107,4.2222,2.3427,4.5064,4.2223,2.3411,4.5024
,,,,,,,533,5.6429,2.1082,4.3213,5.6424,2.1084,4.3207,5.642,2.1087,4.3201,5.6415,2.109,4.3196,5.6411,2.1093,4.3191
,,,,,,,534,4.3371,2.2401,3.4871,4.3335,2.24,3.4796,4.3295,2.2402,3.472,4.3255,2.2402,3.4644,4.3216,2.2403,3.4572
,,,,,,,535,4.2337,2.2682,3.3338,4.2296,2.268,3.3277,4.2256,2.2678,3.3217,4.2216,2.2676,3.316,4.2179,2.2675,3.3106
,,,,,,,536,5.3462,2.4562,4.3717,5.3472,2.4547,4.3691,5.3482,2.4529,4.3664,5.3493,2.4512,4.3636,5.3504,2.4494,4.3609
,,,,,,,537,3.8159,2.5699,3.6957,3.8162,2.5685,3.6969,3.8159,2.5669,3.6977,3.8155,2.5654,3.6984,3.8151,2.5639,3.699
,,,,,,,538,5.3439,2.4572,4.3677,5.3449,2.4556,4.3651,5.3459,2.4539,4.3624,5.3471,2.4522,4.3596,5.3482,2.4505,4.3569
,,,,,,,539,2.6091,2.8595,2.2788,2.6099,2.8599,2.2789,2.611,2.8603,2.2792,2.6123,2.8607,2.2798,2.6136,2.861,2.2804
,,,,,,,540,6.0786,2.1003,4.7347,6.0768,2.1,4.731,6.0751,2.0997,4.7273,6.0734,2.0995,4.7238,6.0718,2.0994,4.7205
,,,,,,,541,6.1458,2.583,6.1211,6.1421,2.5827,6.118,6.1382,2.5825,6.1147,6.1342,2.5822,6.1112,6.1303,2.5819,6.1078
,,,,,,,542,5.8968,1.8481,4.9505,5.8973,1.8475,4.9523,5.8982,1.8468,4.9542,5.8991,1.846,4.956,5.9,1.8453,4.9578
,,,,,,,543,0.013019,2.5459,5.3728,0.016713,2.5484,5.3768,0.020554000000000003,2.5509,5.381,0.024501,2.5536,5.3852,0.028352,2.5561,5.3893
,,,,,,,544,5.9395,2.9421,5.5091,5.95,2.9425,5.5185,5.9612,2.9429,5.5288,5.9727,2.9433,5.5392,5.9836,2.9437,5.5491
,,,,,,,545,3.2997,2.6989,2.5585,3.311,2.7005,2.5713,3.3219,2.702,2.5835,3.3327,2.7034,2.5955,3.3428,2.7047,2.6068
,,,,,,,546,4.2164,2.1897,4.4737,4.2156,2.1889,4.471,4.2149,2.1882,4.4685,4.2141,2.1876,4.4661,4.2135,2.187,4.4638
,,,,,,,547,4.8372,2.2251,3.848,4.8414,2.2234,3.8462,4.8459,2.2215,3.8448,4.8506,2.2196,3.8434,4.855,2.2177,3.8422
,,,,,,,548,4.4774,2.1094,4.6114,4.4768,2.1099,4.6097,4.4762,2.1104,4.608,4.4756,2.1109,4.6064,4.475,2.1113,4.6049
,,,,,,,549,3.3912,3.0377,3.2217,3.3956,3.0376,3.2232,3.4006,3.0375,3.2252,3.4056,3.0374,3.2272,3.4104,3.0373,3.229
,,,,,,,550,5.0518,2.2606,5.0303,5.0526,2.2616,5.0272,5.0535,2.2626,5.0243,5.0543,2.2635,5.0215,5.0551,2.2644,5.0189
,,,,,,,551,6.2096,2.0977,5.1064,6.2073,2.0938,5.1026,6.205,2.0899,5.099,6.2028,2.0861,5.0953,6.2007,2.0823,5.0918
,,,,,,,552,4.8475,2.225,3.8704,4.8517,2.2231,3.8687,4.8561,2.2209,3.8673,4.8606,2.2187,3.866,4.8649,2.2166,3.8647
,,,,,,,553,0.0094898,2.5534,5.3703,0.013311,2.5559,5.3745,0.017285000000000002,2.5586,5.3787,0.021369,2.5613,5.3831,0.025354,2.5639,5.3873
,,,,,,,554,5.0589,2.2563,5.0381,5.0598,2.2574,5.0349,5.0606,2.2584,5.0319,5.0615,2.2594,5.029,5.0623,2.2603,5.0264
,,,,,,,555,5.4909,1.9651,4.1811,5.4904,1.967,4.1823,5.4898,1.9689,4.1835,5.4892,1.9707,4.1847,5.4887,1.9724,4.1857
,,,,,,,556,1.0486,2.73,6.0782,1.0465,2.7307,6.078,1.0448,2.7315,6.0779,1.0431,2.7323,6.0778,1.0415,2.733,6.0778
,,,,,,,557,4.8386,2.2254,3.8497,4.8428,2.2237,3.8479,4.8473,2.2217,3.8465,4.8519,2.2198,3.8451,4.8564,2.218,3.8439
,,,,,,,558,3.7361,2.6827,3.3611,3.7363,2.6835,3.3594,3.7363,2.6845,3.3577,3.7362,2.6856,3.3559,3.7362,2.6866,3.3542
,,,,,,,559,4.7167,2.0096,4.0984,4.7193,2.0046,4.1005,4.7218,1.9993,4.1025,4.7242,1.9939,4.1045,4.7266,1.9886,4.1062
,,,,,,,560,4.3688,2.5388,4.4817,4.3707,2.5382,4.4814,4.3725,2.5377,4.481,4.3742,2.5371,4.4807,4.3758,2.5366,4.4804
,,,,,,,561,4.293,2.2511,3.4213,4.2887,2.2509,3.4139,4.2843,2.2508,3.4065,4.28,2.2507,3.3993,4.2759,2.2505,3.3925
,,,,,,,562,5.2258,2.5804,4.7223,5.2248,2.581,4.7262,5.2237,2.5813,4.7302,5.2225,2.5815,4.7342,5.2213,2.5817,4.7381
,,,,,,,563,0.0082177,2.5497,5.3687,0.011943,2.5522,5.3728,0.015816000000000004,2.5548,5.3769,0.019795,2.5575,5.3812,0.023678,2.5601,5.3854
,,,,,,,564,0.0066663,2.5492,5.3678,0.010367,2.5517,5.3718,0.014215000000000004,2.5543,5.3759,0.018168,2.557,5.3802,0.022026,2.5595,5.3843
,,,,,,,565,6.1392,2.7733,4.883,6.1417,2.7753,4.883,6.1444,2.7774,4.8831,6.1472,2.7793,4.8834,6.15,2.7811,4.8838
,,,,,,,566,0.0071554,2.5526,5.3694,0.010943,2.5551,5.3735,0.014882000000000003,2.5578,5.3778,0.01893,2.5604,5.3821,0.022881,2.563,5.3864
,,,,,,,567,4.2114,2.76,4.322,4.2158,2.7592,4.3257,4.2203,2.7584,4.3293,4.2247,2.7577,4.3328,4.2288,2.757,4.3361
,,,,,,,568,5.6657,2.141,5.7273,5.6697,2.1421,5.7284,5.6737,2.1431,5.7295,5.6776,2.1441,5.7305,5.6814,2.145,5.7314
,,,,,,,569,5.27,2.9679,4.7233,5.2792,2.9712,4.7324,5.2885,2.9745,4.7415,5.298,2.9777,4.7507,5.3073,2.9808,4.7596
,,,,,,,570,4.7075,2.0114,4.3538,4.7091,2.0097,4.3575,4.711,2.0082,4.3612,4.713,2.0068,4.365,4.7148,2.0055,4.3686
,,,,,,,571,5.0965,2.1163,5.115,5.0963,2.1181,5.1096,5.0963,2.1199,5.1045,5.0962,2.1216,5.0996,5.0962,2.1233,5.095
,,,,,,,572,6.1341,2.7635,4.8752,6.1367,2.7655,4.8752,6.1396,2.7675,4.8753,6.1426,2.7694,4.8756,6.1456,2.7711,4.8759
,,,,,,,573,3.3017,2.7009,2.5605,3.313,2.7024,2.5734,3.3239,2.7039,2.5855,3.3347,2.7053,2.5975,3.3448,2.7066,2.6088
,,,,,,,574,0.010948,2.5507,5.3733,0.01474,2.5532,5.3774,0.018684000000000003,2.5558,5.3817,0.022738,2.5585,5.3861,0.026694,2.5611,5.3903
,,,,,,,575,5.0541,2.2589,5.0328,5.0549,2.2599,5.0297,5.0558,2.2609,5.0267,5.0566,2.2619,5.0239,5.0575,2.2628,5.0213
,,,,,,,576,5.1201,2.3178,5.1887,5.1229,2.3192,5.1856,5.1256,2.3205,5.1825,5.1282,2.3218,5.1795,5.1307,2.3229,5.1767
,,,,,,,577,3.7526,2.416,2.8129,3.7584,2.4179,2.8204,3.7637,2.4197,2.8273,3.7689,2.4215,2.8342,3.7738,2.4231,2.8406
,,,,,,,578,4.226,2.3473,4.5209,4.2261,2.3456,4.5163,4.2261,2.3439,4.5119,4.2262,2.3423,4.5076,4.2262,2.3408,4.5036
,,,,,,,579,4.4194,2.4226,3.4995,4.4135,2.4226,3.4907,4.4075,2.4228,3.482,4.4015,2.4229,3.4735,4.3958,2.423,3.4655
,,,,,,,580,6.0762,2.0981,4.7284,6.0744,2.0978,4.7247,6.0727,2.0976,4.7212,6.0711,2.0975,4.7178,6.0696,2.0974,4.7146
,,,,,,,581,1.0625,2.7321,6.0939,1.0603,2.7327,6.0936,1.0584,2.7334,6.0934,1.0566,2.7341,6.0932,1.0549,2.7348,6.093
,,,,,,,582,6.1419,2.7748,4.8851,6.1444,2.7769,4.8852,6.1471,2.7789,4.8853,6.1499,2.7809,4.8856,6.1526,2.7826,4.886
,,,,,,,583,0.41488,2.4005,0.33346,0.41773,2.3995,0.33667,0.4203,2.3984,0.33969,0.42276,2.3972,0.34261,0.42501,2.396,0.34532
,,,,,,,584,3.9339,2.7483,3.819,3.9369,2.7462,3.8224,3.939,2.7441,3.825,3.9407,2.7421,3.8272,3.9422,2.7402,3.8293
,,,,,,,585,2.0347,3.0938,2.2083,2.0327,3.0938,2.2102,2.0307,3.094,2.2121,2.0287,3.0942,2.214,2.0269,3.0944,2.2157
,,,,,,,586,5.054,2.2587,5.0314,5.0548,2.2597,5.0283,5.0557,2.2607,5.0254,5.0565,2.2617,5.0226,5.0573,2.2626,5.02
,,,,,,,587,0.40959,2.3945,0.32481,0.41243,2.3936,0.32797,0.41501,2.3925,0.33096,0.41748,2.3914,0.33386,0.41976,2.3903,0.33657
,,,,,,,588,5.0601,2.2775,3.8777,5.064,2.2765,3.8774,5.0677,2.2753,3.8771,5.0714,2.274,3.8769,5.0748,2.2729,3.8767
,,,,,,,589,4.4247,3.0018,3.4553,4.4145,3.0017,3.4455,4.4043,3.0016,3.4357,4.3943,3.0016,3.4262,4.3851,3.0015,3.4174
,,,,,,,590,5.6665,2.1385,5.7249,5.6705,2.1396,5.726,5.6745,2.1406,5.727,5.6785,2.1416,5.728,5.6823,2.1425,5.7289
,,,,,,,591,3.3049,2.7008,2.5639,3.3162,2.7024,2.5767,3.3271,2.7038,2.5888,3.3379,2.7052,2.6007,3.348,2.7065,2.612
,,,,,,,592,4.3566,2.5246,4.4699,4.3584,2.5241,4.4695,4.36,2.5235,4.469,4.3616,2.5229,4.4686,4.363,2.5224,4.4682
,,,,,,,593,3.0762,2.7413,3.3179,3.0728,2.7414,3.3176,3.0694,2.7412,3.3169,3.0659,2.741,3.3161,3.0626,2.7408,3.3152
,,,,,,,594,5.6247,2.1335,4.8823,5.6249,2.129,4.8842,5.6255,2.1245,4.8865,5.6261,2.1202,4.8888,5.6268,2.1162,4.8911
,,,,,,,595,1.0688,2.7364,6.1004,1.0665,2.7369,6.1,1.0645,2.7376,6.0998,1.0626,2.7383,6.0995,1.0608,2.739,6.0993
,,,,,,,596,3.733,2.6819,3.3618,3.7333,2.6827,3.3601,3.7333,2.6837,3.3585,3.7333,2.6847,3.3568,3.7333,2.6857,3.3551
,,,,,,,597,5.22,2.5914,4.7128,5.219,2.5922,4.7166,5.2178,2.5927,4.7204,5.2167,2.5932,4.7243,5.2155,2.5936,4.7281
,,,,,,,598,5.4716,2.8329,5.5001,5.4644,2.8304,5.4935,5.4582,2.8279,5.4877,5.4526,2.8254,5.4824,5.4475,2.823,5.4777
,,,,,,,599,5.0872,1.9044,4.365,5.0863,1.9028,4.3638,5.0852,1.9012,4.3625,5.084,1.8996,4.3611,5.0829,1.8981,4.3598
,,,,,,,600,5.006,1.9504,4.7331,5.0069,1.9522,4.7337,5.0077,1.9537,4.7344,5.0085,1.9553,4.735,5.0093,1.9567,4.7356
,,,,,,,601,5.2316,2.5815,4.7296,5.2306,2.5821,4.7335,5.2294,2.5823,4.7375,5.2282,2.5826,4.7415,5.227,2.5828,4.7454
,,,,,,,602,4.4041,2.0685,4.1591,4.4054,2.0686,4.1653,4.4068,2.0689,4.1716,4.4083,2.0694,4.1781,4.4097,2.0698,4.1843
,,,,,,,603,0.44306,2.6798,5.649,0.45026,2.6841,5.656,0.45726,2.6882,5.6631,0.46417,2.6923,5.6701,0.47067,2.6962,5.6767
,,,,,,,604,6.1415,2.766,4.8847,6.1441,2.7681,4.8847,6.1469,2.7701,4.8848,6.1499,2.7721,4.8851,6.1527,2.7738,4.8854
,,,,,,,605,5.5447,2.6455,5.3539,5.5407,2.6445,5.351,5.5371,2.6435,5.3485,5.5335,2.6426,5.3461,5.5301,2.6416,5.3439
,,,,,,,606,3.4667,2.6527,2.8995,3.4713,2.6522,2.9036,3.4758,2.6519,2.9076,3.4803,2.6515,2.9115,3.4845,2.6512,2.9152
,,,,,,,607,5.5294,2.6467,5.3384,5.5254,2.6457,5.3356,5.5218,2.6447,5.3332,5.5183,2.6438,5.3309,5.5149,2.6428,5.3287
,,,,,,,608,3.9366,2.7512,3.8241,3.9397,2.7492,3.8276,3.9419,2.747,3.8303,3.9437,2.745,3.8327,3.9452,2.743,3.8348
,,,,,,,609,5.6653,2.1415,5.7253,5.6692,2.1426,5.7264,5.6732,2.1437,5.7274,5.6772,2.1446,5.7284,5.681,2.1455,5.7293
,,,,,,,610,5.6745,2.1258,5.0469,5.6747,2.1219,5.0497,5.6748,2.1183,5.0526,5.675,2.1149,5.0553,5.6752,2.1116,5.0579
,,,,,,,611,5.7532,2.6052,4.6131,5.7549,2.6066,4.6094,5.7566,2.6077,4.6057,5.7585,2.6087,4.602,5.7604,2.6097,4.5985
,,,,,,,612,4.7358,2.0285,5.0182,4.7337,2.0265,5.0135,4.7315,2.0248,5.0086,4.7292,2.0232,5.0038,4.7271,2.0217,4.9993
,,,,,,,613,5.8941,1.8512,4.9476,5.8946,1.8506,4.9494,5.8954,1.8498,4.9512,5.8963,1.8491,4.953,5.8972,1.8483,4.9548
,,,,,,,614,5.2275,2.5929,4.7171,5.2265,2.5938,4.7209,5.2254,2.5943,4.7247,5.2242,2.5948,4.7286,5.2231,2.5953,4.7323
,,,,,,,615,4.8466,2.222,3.863,4.8508,2.2201,3.8613,4.8553,2.218,3.8599,4.8599,2.2158,3.8586,4.8644,2.2138,3.8574
,,,,,,,616,0.54361,2.4701,5.9318,0.55003,2.4719,5.9397,0.55618,2.4736,5.9474,0.56224,2.4752,5.9549,0.56792,2.4768,5.9619
,,,,,,,617,5.6654,2.1418,5.7253,5.6693,2.1429,5.7264,5.6733,2.144,5.7275,5.6773,2.1449,5.7284,5.681,2.1458,5.7293
,,,,,,,618,0.44384,2.6769,5.6525,0.45109,2.6811,5.6595,0.45815,2.6853,5.6667,0.46512,2.6894,5.6737,0.47168,2.6932,5.6804
,,,,,,,619,0.44653,2.6807,5.6533,0.45371,2.6849,5.6603,0.4607,2.6891,5.6673,0.4676,2.6931,5.6744,0.47408,2.6969,5.681
,,,,,,,620,5.7387,2.013,5.0771,5.7392,2.0107,5.0792,5.7396,2.0085,5.0813,5.7401,2.0064,5.0833,5.7405,2.0045,5.0852
,,,,,,,621,5.4384,2.0262,5.3433,5.4412,2.0292,5.3398,5.4439,2.0321,5.3364,5.4466,2.035,5.3331,5.4492,2.0378,5.33
,,,,,,,622,3.2309,2.9645,3.2373,3.2339,2.9645,3.2414,3.2374,2.9644,3.2461,3.2412,2.9643,3.251,3.2449,2.9642,3.2558
,,,,,,,623,4.7147,2.0149,4.0904,4.7172,2.01,4.0924,4.7198,2.0048,4.0944,4.7224,1.9995,4.0963,4.7248,1.9943,4.0981
,,,,,,,624,3.7551,2.4122,2.8169,3.7608,2.414,2.8243,3.7661,2.4158,2.8312,3.7712,2.4175,2.838,3.776,2.4191,2.8443
,,,,,,,625,5.5304,2.6527,5.3385,5.5263,2.6517,5.3356,5.5226,2.6508,5.3331,5.519,2.6498,5.3307,5.5155,2.6489,5.3284
,,,,,,,626,4.2345,2.2676,3.3358,4.2304,2.2673,3.3296,4.2263,2.2672,3.3237,4.2223,2.267,3.3179,4.2186,2.2669,3.3125
,,,,,,,627,5.3008,2.1257,4.3079,5.3005,2.1216,4.3052,5.3001,2.1178,4.3024,5.2997,2.1141,4.2997,5.2993,2.1106,4.2972
,,,,,,,628,3.6414,2.6672,3.3073,3.6431,2.6677,3.3066,3.6446,2.6683,3.3059,3.6459,2.669,3.3051,3.6472,2.6697,3.3043
,,,,,,,629,5.2221,2.5905,4.7152,5.221,2.5912,4.719,5.2199,2.5917,4.7229,5.2187,2.5922,4.7268,5.2175,2.5926,4.7305
,,,,,,,630,0.41285,2.4044,0.33479,0.4158,2.4034,0.33812,0.41847,2.4022,0.34123,0.421,2.401,0.34425,0.42333,2.3998,0.34705
,,,,,,,631,5.7398,1.9992,5.0786,5.7404,1.9972,5.0806,5.7409,1.9953,5.0826,5.7414,1.9934,5.0845,5.7418,1.9917,5.0864
,,,,,,,632,6.1577,2.3824,4.9744,6.1576,2.3821,4.9698,6.1574,2.3817,4.965,6.1573,2.3813,4.96,6.1571,2.381,4.9552
,,,,,,,633,0.40543,2.3949,0.32353,0.40836,2.394,0.32679,0.41102,2.3929,0.32987,0.41357,2.3917,0.33286,0.41591,2.3906,0.33565
,,,,,,,634,4.4048,2.0721,4.16,4.4061,2.0722,4.1661,4.4075,2.0726,4.1725,4.4089,2.0731,4.1789,4.4103,2.0735,4.1851
,,,,,,,635,5.5642,2.9692,5.4809,5.5522,2.9674,5.4682,5.5395,2.9653,5.455,5.5267,2.9632,5.4417,5.5146,2.9612,5.4291
,,,,,,,636,5.2457,1.9649,5.0675,5.2453,1.967,5.0646,5.2449,1.9692,5.0617,5.2446,1.9714,5.059,5.2443,1.9734,5.0564
,,,,,,,637,3.7814,2.604,3.3927,3.7804,2.6051,3.3904,3.7795,2.6064,3.3881,3.7785,2.6078,3.3857,3.7775,2.6091,3.3835
,,,,,,,638,5.7377,2.0097,5.0758,5.7382,2.0074,5.0779,5.7387,2.0053,5.0799,5.7392,2.0033,5.0819,5.7397,2.0014,5.0838
,,,,,,,639,5.9515,2.9374,5.5125,5.9622,2.9378,5.5223,5.9736,2.9383,5.5327,5.9852,2.9387,5.5434,5.9963,2.9391,5.5535
,,,,,,,640,5.0053,2.8022,3.9456,4.9948,2.8042,3.9334,4.9835,2.8061,3.9207,4.9721,2.808,3.908,4.9612,2.8096,3.896
,,,,,,,641,3.9925,2.7329,3.5875,3.9894,2.7345,3.5837,3.9864,2.7363,3.5799,3.9834,2.7382,3.5761,3.9806,2.7399,3.5725
,,,,,,,642,5.2309,2.5829,4.7254,5.2299,2.5835,4.7293,5.2287,2.5838,4.7333,5.2276,2.5841,4.7373,5.2264,2.5843,4.7411
,,,,,,,643,5.2978,2.1293,4.306,5.2975,2.1251,4.3032,5.2971,2.1212,4.3005,5.2968,2.1174,4.2978,5.2965,2.1139,4.2952
,,,,,,,644,4.2179,2.4408,4.1932,4.2169,2.4406,4.1944,4.2159,2.4405,4.1956,4.215,2.4404,4.1968,4.2141,2.4404,4.1979
,,,,,,,645,4.3606,2.5274,4.473,4.3624,2.5268,4.4726,4.3641,2.5262,4.4721,4.3656,2.5257,4.4717,4.3671,2.5251,4.4714
,,,,,,,646,5.6608,2.0975,4.3343,5.6604,2.0979,4.3337,5.6599,2.0983,4.3332,5.6595,2.0987,4.3328,5.6591,2.0991,4.3324
,,,,,,,647,3.7623,2.4167,2.8264,3.7679,2.4185,2.8336,3.773,2.4202,2.8403,3.778,2.4218,2.8469,3.7827,2.4234,2.853
,,,,,,,648,5.0609,2.3374,5.1707,5.0637,2.3388,5.1672,5.0664,2.3401,5.1638,5.0691,2.3414,5.1604,5.0716,2.3426,5.1573
,,,,,,,649,5.7061,2.4512,5.0255,5.705,2.4496,5.0279,5.7039,2.448,5.0303,5.7027,2.4462,5.0327,5.7015,2.4445,5.0351
,,,,,,,650,5.3346,1.9663,5.5077,5.3364,1.9678,5.5065,5.3382,1.9692,5.5052,5.34,1.9708,5.504,5.3418,1.9722,5.5027
,,,,,,,651,4.2357,2.3431,4.5277,4.2357,2.3413,4.5231,4.2357,2.3397,4.5186,4.2357,2.3381,4.5143,4.2357,2.3366,4.5104
,,,,,,,652,5.8576,2.0569,5.979,5.8578,2.0575,5.9796,5.858,2.0585,5.9803,5.8583,2.0595,5.981,5.8584,2.0606,5.9816
,,,,,,,653,0.064067,2.4752,5.5494,0.067686,2.4765,5.5556,0.071538,2.4779,5.562,0.075522,2.4793,5.5685,0.079422,2.4807,5.5749
,,,,,,,654,4.4006,2.0722,4.1542,4.4018,2.0723,4.1602,4.4031,2.0727,4.1665,4.4045,2.0732,4.1729,4.4059,2.0736,4.1791
,,,,,,,655,5.3352,1.9624,5.5096,5.3369,1.9638,5.5084,5.3387,1.9653,5.5072,5.3405,1.9668,5.5059,5.3422,1.9682,5.5047
,,,,,,,656,4.4046,2.0711,4.1593,4.406,2.0712,4.1654,4.4073,2.0716,4.1718,4.4088,2.072,4.1782,4.4102,2.0725,4.1844
,,,,,,,657,4.1586,2.3787,3.676,4.1524,2.3821,3.6711,4.1462,2.3854,3.666,4.14,2.3888,3.6608,4.1339,2.392,3.6557
,,,,,,,658,4.2394,2.3504,4.5325,4.2395,2.3487,4.5278,4.2395,2.3471,4.5233,4.2396,2.3455,4.519,4.2396,2.344,4.5149
,,,,,,,659,4.2239,2.3605,4.5018,4.2243,2.3589,4.4976,4.2246,2.3574,4.4936,4.2249,2.356,4.4897,4.2252,2.3546,4.4861
,,,,,,,660,1.0592,2.7334,6.1455,1.0574,2.734,6.1453,1.0559,2.7346,6.1451,1.0543,2.7352,6.145,1.0529,2.7358,6.1449
,,,,,,,661,0.41183,2.4035,0.33219,0.41478,2.4025,0.3355,0.41745,2.4014,0.3386,0.42,2.4001,0.34162,0.42234,2.399,0.34441
,,,,,,,662,5.7627,1.8357,4.9235,5.7635,1.8362,4.9257,5.7646,1.8365,4.9277,5.7656,1.8368,4.9298,5.7666,1.8371,4.9317
,,,,,,,663,5.3741,2.6295,5.3034,5.3731,2.6279,5.3022,5.3723,2.6265,5.3012,5.3716,2.625,5.3003,5.3709,2.6236,5.2994
,,,,,,,664,4.7437,2.7145,4.4179,4.7401,2.7157,4.4177,4.7358,2.7167,4.4171,4.7314,2.7175,4.4164,4.727,2.7182,4.4156
,,,,,,,665,1.0116,2.4735,0.35036,1.0048,2.4766,0.34238,0.99847,2.4795,0.33476,0.99225,2.4824,0.32728,0.98642,2.4851,0.32028
,,,,,,,666,5.9564,2.9334,5.5238,5.9667,2.9338,5.5331,5.9777,2.9342,5.5432,5.9889,2.9345,5.5534,5.9996,2.9349,5.5632
,,,,,,,667,4.2292,2.3457,4.5333,4.2292,2.3439,4.5285,4.2291,2.3421,4.5238,4.2291,2.3404,4.5193,4.2291,2.3388,4.5152
,,,,,,,668,0.036656,2.4771,0.068176,0.037329,2.477,0.070444,0.037888,2.4769,0.072666,0.03843,2.4768,0.074883,0.038946,2.4768,0.077008
,,,,,,,669,5.0608,2.3362,5.1696,5.0636,2.3376,5.1661,5.0663,2.3389,5.1626,5.0689,2.3402,5.1593,5.0714,2.3414,5.1561
,,,,,,,670,4.5161,2.5456,4.5088,4.5167,2.545,4.5094,4.5172,2.5444,4.5101,4.5177,2.5438,4.5108,4.5182,2.5433,4.5115
,,,,,,,671,6.0123,2.3222,5.6289,6.009,2.322,5.628,6.0055,2.3217,5.627,6.002,2.3214,5.626,5.9986,2.3212,5.625
,,,,,,,672,5.2669,2.6577,4.4944,5.266,2.6603,4.4937,5.2651,2.6628,4.4929,5.2641,2.6654,4.492,5.2632,2.6679,4.4912
,,,,,,,673,4.5336,2.5376,4.5277,4.5342,2.537,4.5283,4.5348,2.5364,4.5289,4.5353,2.5359,4.5295,4.5359,2.5354,4.5302
,,,,,,,674,4.3215,2.8088,3.5159,4.3106,2.8103,3.5044,4.3001,2.8117,3.4932,4.2896,2.813,3.4822,4.2799,2.8141,3.4719
,,,,,,,675,1.0115,2.4734,0.35197,1.0047,2.4765,0.34399,0.99835,2.4794,0.33638,0.99212,2.4823,0.3289,0.98629,2.485,0.3219
,,,,,,,676,4.3918,2.1454,3.5476,4.3907,2.1449,3.5418,4.3894,2.1447,3.5361,4.388,2.1444,3.5302,4.3866,2.144,3.5246
,,,,,,,677,5.84,2.3565,5.7308,5.8385,2.3551,5.7284,5.8373,2.3537,5.7264,5.8362,2.3524,5.7244,5.8352,2.3511,5.7226
,,,,,,,678,4.3441,2.4296,3.8579,4.3395,2.4323,3.8555,4.3349,2.435,3.8531,4.3301,2.4377,3.8507,4.3255,2.4403,3.8483
,,,,,,,679,4.1565,2.3811,3.673,4.1503,2.3845,3.6679,4.144,2.3879,3.6628,4.1377,2.3913,3.6575,4.1316,2.3945,3.6523
,,,,,,,680,4.5861,1.986,4.0887,4.5885,1.9822,4.0922,4.5909,1.9782,4.0957,4.5933,1.9741,4.0992,4.5955,1.9701,4.1025
,,,,,,,681,4.8552,2.4831,4.3625,4.8546,2.4836,4.3659,4.854,2.4839,4.3696,4.8535,2.4842,4.3734,4.853,2.4845,4.377
,,,,,,,682,5.8576,2.0601,5.979,5.8578,2.0607,5.9795,5.8581,2.0617,5.9802,5.8583,2.0627,5.9809,5.8585,2.0637,5.9815
,,,,,,,683,0.053599,2.8718,5.7454,0.065298,2.8723,5.7569,0.07688600000000001,2.8729,5.7682,0.088418,2.8735,5.7795,0.099278,2.874,5.7901
,,,,,,,684,5.1399,2.0335,4.9383,5.1399,2.035,4.9371,5.14,2.0365,4.936,5.1401,2.038,4.9349,5.1403,2.0394,4.9339
,,,,,,,685,4.2374,2.3498,4.533,4.2375,2.3481,4.5283,4.2375,2.3464,4.5238,4.2376,2.3448,4.5194,4.2376,2.3433,4.5153
,,,,,,,686,5.6422,2.4307,4.5753,5.6424,2.4287,4.5712,5.6427,2.4266,4.5669,5.643,2.4244,4.5626,5.6433,2.4223,4.5583
,,,,,,,687,1.0106,2.4723,0.35187,1.0038,2.4754,0.3439,0.99749,2.4783,0.3363,0.99126,2.4812,0.32883,0.98545,2.4839,0.32184
,,,,,,,688,5.2713,2.6556,4.499,5.2705,2.6581,4.4983,5.2696,2.6606,4.4976,5.2687,2.6631,4.4968,5.2678,2.6655,4.496
,,,,,,,689,5.1409,2.0348,4.9403,5.1409,2.0363,4.9391,5.141,2.0378,4.9379,5.1411,2.0393,4.9368,5.1412,2.0407,4.9358
,,,,,,,690,0.73477,2.5076,0.4403,0.73303,2.5086,0.43893,0.7313,2.5096,0.43754,0.72964,2.5106,0.43616,0.7281,2.5117,0.43488
,,,,,,,691,1.0706,2.8717,0.35554,1.0635,2.8735,0.34796,1.0568,2.8752,0.34078,1.0502,2.8769,0.33378,1.0441,2.8785,0.32726
,,,,,,,692,4.5193,2.5368,4.5125,4.5199,2.5362,4.5132,4.5204,2.5357,4.5138,4.5209,2.5351,4.5145,4.5214,2.5346,4.5151
,,,,,,,693,4.8821,2.4863,5.1826,4.8861,2.4885,5.1811,4.8899,2.4906,5.1793,4.8939,2.4926,5.1776,4.8978,2.4945,5.1759
,,,,,,,694,0.41182,2.4076,0.33307,0.41483,2.4066,0.33644,0.41757,2.4054,0.3396,0.42017,2.4042,0.34266,0.42256,2.403,0.3455
,,,,,,,695,4.3109,2.9965,3.3428,4.3037,2.9963,3.336,4.2964,2.9961,3.3292,4.2892,2.9959,3.3225,4.2826,2.9957,3.3163
,,,,,,,696,4.3187,2.9995,3.3523,4.3112,2.9993,3.3453,4.3036,2.9991,3.3381,4.2962,2.9989,3.3312,4.2893,2.9987,3.3247
,,,,,,,697,6.2411,2.4505,5.6162,6.243,2.4507,5.6227,6.2452,2.4508,5.6293,6.2474,2.451,5.6359,6.2495,2.4511,5.6422
,,,,,,,698,5.9493,2.1242,5.0241,5.9477,2.1187,5.023,5.9462,2.113,5.0222,5.9449,2.1074,5.0215,5.9437,2.102,5.021
,,,,,,,699,0.41415,2.4113,0.33692,0.41718,2.4103,0.34032,0.41993,2.4091,0.34351,0.42254,2.4078,0.34658,0.42493,2.4066,0.34944
,,,,,,,700,5.7356,2.0125,5.071,5.7361,2.0102,5.0731,5.7366,2.008,5.0752,5.7371,2.006,5.0772,5.7375,2.004,5.0791
,,,,,,,701,6.1003,2.517,4.966,6.1016,2.5181,4.9632,6.1029,2.5192,4.9602,6.1043,2.5203,4.9572,6.1056,2.5214,4.9542
,,,,,,,702,5.699,2.6268,4.6034,5.7,2.6287,4.5997,5.701,2.6303,4.5961,5.7022,2.6319,4.5925,5.7034,2.6334,4.589
,,,,,,,703,5.6256,2.1421,5.0466,5.6258,2.1387,5.0496,5.6261,2.1356,5.0525,5.6263,2.1325,5.0553,5.6265,2.1297,5.058
,,,,,,,704,5.7356,2.0099,5.0709,5.7361,2.0077,5.073,5.7366,2.0056,5.075,5.7371,2.0035,5.0771,5.7376,2.0016,5.079
,,,,,,,705,1.0697,2.7324,6.1563,1.0677,2.733,6.156,1.0661,2.7335,6.1557,1.0644,2.7341,6.1554,1.0628,2.7346,6.1552
,,,,,,,706,3.6464,2.6724,3.3128,3.6481,2.6728,3.3121,3.6495,2.6735,3.3113,3.6508,2.6742,3.3105,3.652,2.6749,3.3097
,,,,,,,707,0.042698,2.4757,0.073134,0.043537,2.4756,0.075529,0.044268,2.4756,0.077885,0.044987,2.4755,0.080238,0.045677,2.4754,0.082496
,,,,,,,708,3.6482,2.667,3.3153,3.6499,2.6674,3.3145,3.6513,2.668,3.3138,3.6526,2.6688,3.3129,3.6538,2.6695,3.3121
,,,,,,,709,4.1567,2.3812,3.6716,4.1505,2.3847,3.6665,4.1442,2.388,3.6613,4.1379,2.3914,3.656,4.1318,2.3946,3.6508
,,,,,,,710,5.8501,2.0747,5.2872,5.8487,2.0722,5.2885,5.8474,2.0699,5.2897,5.8462,2.0676,5.2909,5.8451,2.0655,5.292
,,,,,,,711,2.5274,2.736,2.6398,2.5241,2.735,2.6377,2.5211,2.734,2.6357,2.5181,2.733,2.6338,2.5154,2.732,2.632
,,,,,,,712,4.5234,2.5166,3.5873,4.5165,2.5171,3.5774,4.5092,2.5178,3.5675,4.5019,2.5184,3.5576,4.495,2.5188,3.5483
,,,,,,,713,0.013462,2.5335,5.2857,0.016423,2.536,5.2876,0.019459000000000004,2.5386,5.2895,0.022564,2.5412,5.2914,0.025583,2.5437,5.2932
,,,,,,,714,5.1487,2.0377,4.9508,5.1487,2.0392,4.9494,5.1488,2.0407,4.9482,5.1489,2.0422,4.947,5.1491,2.0436,4.9458
,,,,,,,715,0.75364,2.4682,0.073183,0.75213,2.4692,0.070823,0.75078,2.4701,0.06866,0.7495,2.4711,0.066594,0.74834,2.472,0.064694
,,,,,,,716,2.5195,2.7395,2.6397,2.5164,2.7385,2.6378,2.5136,2.7376,2.6362,2.5109,2.7367,2.6345,2.5083,2.7358,2.633
,,,,,,,717,4.2669,2.3554,4.3241,4.2668,2.3554,4.3247,4.2668,2.3555,4.3253,4.2668,2.3555,4.3259,4.2667,2.3555,4.3264
,,,,,,,718,0.17626,2.292,5.5624,0.17722,2.2923,5.5657,0.17827,2.2927,5.5692,0.17937,2.2931,5.5727,0.18044,2.2935,5.5761
,,,,,,,719,5.1411,2.0381,4.94,5.1412,2.0396,4.9388,5.1413,2.0411,4.9377,5.1414,2.0426,4.9366,5.1416,2.0439,4.9356
,,,,,,,720,4.8836,2.4864,5.1825,4.8876,2.4886,5.181,4.8915,2.4907,5.1793,4.8955,2.4927,5.1775,4.8994,2.4945,5.1759
,,,,,,,721,5.1471,2.0378,4.9499,5.1471,2.0393,4.9486,5.1472,2.0408,4.9473,5.1473,2.0423,4.9461,5.1474,2.0437,4.945
,,,,,,,722,5.3209,2.2796,5.3633,5.3253,2.2811,5.3618,5.3295,2.2825,5.3603,5.3336,2.2839,5.3588,5.3374,2.2851,5.3573
,,,,,,,723,0.41217,2.4066,0.33487,0.41517,2.4056,0.33824,0.41788,2.4044,0.3414,0.42046,2.4031,0.34445,0.42283,2.4019,0.34729
,,,,,,,724,4.6997,2.1496,4.0593,4.7019,2.1467,4.0612,4.7042,2.1437,4.0631,4.7065,2.1407,4.065,4.7087,2.1377,4.0668
,,,,,,,725,4.3108,2.9985,3.3441,4.3035,2.9983,3.3373,4.2962,2.9981,3.3304,4.289,2.9979,3.3236,4.2823,2.9977,3.3174
,,,,,,,726,5.0245,2.9518,5.1421,5.0211,2.9499,5.1402,5.0183,2.9482,5.1388,5.0158,2.9464,5.1376,5.0136,2.9448,5.1365
,,,,,,,727,3.7586,2.4127,2.8234,3.7642,2.4145,2.8307,3.7693,2.4162,2.8375,3.7744,2.4178,2.8441,3.7791,2.4193,2.8503
,,,,,,,728,0.41348,2.4099,0.33709,0.4165,2.4089,0.3405,0.41924,2.4077,0.34368,0.42184,2.4064,0.34676,0.42423,2.4052,0.34962
,,,,,,,729,0.040602,2.4735,0.06902,0.041391,2.4734,0.071334,0.042072,2.4733,0.073605,0.04274,2.4733,0.075873,0.04338,2.4732,0.078048
,,,,,,,730,3.6212,2.8808,3.1842,3.6218,2.881,3.1828,3.6221,2.8813,3.1813,3.6223,2.8815,3.1797,3.6225,2.8817,3.1783
,,,,,,,731,5.6229,2.1419,5.0434,5.6232,2.1385,5.0464,5.6234,2.1354,5.0493,5.6237,2.1323,5.0522,5.624,2.1295,5.0549
,,,,,,,732,5.3998,2.5169,5.1385,5.3974,2.5159,5.1388,5.3953,2.5148,5.1393,5.3932,2.5136,5.1399,5.3913,2.5126,5.1404
,,,,,,,733,6.1019,2.5203,4.9704,6.1033,2.5216,4.9677,6.1046,2.5227,4.9648,6.106,2.5239,4.9619,6.1074,2.525,4.959
,,,,,,,734,6.1006,2.513,4.9688,6.1019,2.5141,4.966,6.1031,2.5152,4.963,6.1044,2.5162,4.96,6.1057,2.5172,4.957
,,,,,,,735,3.907,2.4062,3.7715,3.9036,2.4059,3.7709,3.9002,2.4055,3.7703,3.8967,2.405,3.7698,3.8935,2.4045,3.7693
,,,,,,,736,4.7489,1.8345,4.088,4.7499,1.8301,4.0881,4.7509,1.8259,4.088,4.7518,1.8217,4.0878,4.7526,1.8179,4.0877
,,,,,,,737,0.73529,2.5138,0.44294,0.73362,2.5148,0.44163,0.73197,2.5157,0.4403,0.73037,2.5167,0.43898,0.7289,2.5177,0.43775
,,,,,,,738,4.0113,2.5749,3.807,4.0086,2.5747,3.8061,4.0055,2.5743,3.805,4.0023,2.5737,3.8038,3.9992,2.5732,3.8027
,,,,,,,739,3.6519,2.6394,2.9109,3.6569,2.6395,2.9162,3.6616,2.6396,2.9212,3.6663,2.6398,2.926,3.6706,2.6399,2.9306
,,,,,,,740,1.4494,2.927,1.1504,1.4498,2.9269,1.1497,1.4502,2.927,1.1491,1.4506,2.927,1.1486,1.4511,2.9272,1.1482
,,,,,,,741,0.73516,2.5181,0.44092,0.73353,2.519,0.43961,0.73192,2.52,0.43827,0.73036,2.521,0.43696,0.72893,2.5219,0.43573
,,,,,,,742,3.9511,2.9272,2.7407,3.9529,2.9281,2.7442,3.9548,2.929,2.7478,3.9567,2.9299,2.7514,3.9586,2.9307,2.7548
,,,,,,,743,6.239,2.444,5.6126,6.2407,2.4442,5.6189,6.2426,2.4444,5.6254,6.2446,2.4445,5.6319,6.2465,2.4446,5.6381
,,,,,,,744,4.5241,2.5135,3.5861,4.5172,2.514,3.5763,4.51,2.5146,3.5664,4.5028,2.5152,3.5566,4.4959,2.5156,3.5473
,,,,,,,745,3.9545,2.9304,2.7435,3.9562,2.9313,2.747,3.9581,2.9322,2.7506,3.96,2.933,2.7541,3.9619,2.9338,2.7576
,,,,,,,746,5.8423,2.0749,5.2791,5.841,2.0725,5.2804,5.8399,2.0701,5.2817,5.8387,2.0679,5.2829,5.8377,2.0658,5.2841
,,,,,,,747,3.9037,2.3967,3.7705,3.9003,2.3965,3.77,3.8968,2.3961,3.7694,3.8933,2.3956,3.7689,3.89,2.3952,3.7684
,,,,,,,748,6.2394,2.4466,5.6129,6.2412,2.4468,5.6193,6.2432,2.4469,5.6258,6.2452,2.4471,5.6324,6.2472,2.4472,5.6386
,,,,,,,749,5.2013,2.3754,4.1302,5.2045,2.3731,4.1275,5.2077,2.3707,4.1249,5.2111,2.3682,4.1224,5.2143,2.3658,4.12
,,,,,,,750,2.4182,2.9258,1.2458,2.4098,2.9282,1.2372,2.3998,2.9306,1.2272,2.3893,2.933,1.2169,2.3792,2.9351,1.2069
,,,,,,,751,5.0724,1.9295,4.2195,5.0719,1.927,4.218,5.0713,1.9246,4.2166,5.0708,1.9222,4.2151,5.0703,1.9201,4.2138
,,,,,,,752,3.9529,2.9324,2.7433,3.9547,2.9333,2.7469,3.9566,2.9341,2.7505,3.9586,2.935,2.7542,3.9605,2.9358,2.7576
,,,,,,,753,3.6298,2.8829,3.1908,3.6303,2.8832,3.1893,3.6305,2.8835,3.1877,3.6306,2.8837,3.186,3.6307,2.884,3.1844
,,,,,,,754,6.0999,2.5169,4.9681,6.1012,2.5181,4.9654,6.1025,2.5192,4.9625,6.1039,2.5203,4.9595,6.1052,2.5214,4.9565
,,,,,,,755,5.5165,1.9096,4.9134,5.5175,1.9104,4.9151,5.5186,1.9111,4.9167,5.5196,1.9118,4.9183,5.5206,1.9124,4.9197
,,,,,,,756,6.2109,2.1584,5.8026,6.2085,2.1583,5.8015,6.206,2.1583,5.8004,6.2033,2.1585,5.7992,6.2007,2.1586,5.7981
,,,,,,,757,4.3266,2.1112,4.2265,4.3275,2.1128,4.232,4.3282,2.1144,4.2372,4.329,2.116,4.2423,4.3297,2.1175,4.2471
,,,,,,,758,4.2091,2.9528,3.473,4.1992,2.9536,3.4626,4.1893,2.9545,3.4522,4.1795,2.9552,3.4418,4.1703,2.9559,3.4322
,,,,,,,759,5.3544,1.9241,4.7067,5.3548,1.9248,4.7077,5.3555,1.9254,4.7088,5.3563,1.926,4.71,5.357,1.9265,4.7111
,,,,,,,760,4.4362,2.1443,3.6256,4.4361,2.144,3.6213,4.436,2.1437,3.617,4.4359,2.1434,3.6128,4.4358,2.1431,3.6086
,,,,,,,761,0.45279,2.6242,0.24129,0.45704,2.6239,0.24342,0.4611,2.6236,0.24537,0.46508,2.6235,0.24723,0.46879,2.6233,0.24893
,,,,,,,762,6.2221,2.3514,5.4461,6.2215,2.351,5.4491,6.2208,2.3505,5.4521,6.2201,2.35,5.455,6.2194,2.3496,5.4579
,,,,,,,763,5.0892,2.2272,5.2848,5.091,2.2288,5.2813,5.0929,2.2305,5.2777,5.0948,2.2322,5.2739,5.0967,2.2338,5.2703
,,,,,,,764,3.9097,2.4022,3.7732,3.9063,2.402,3.7726,3.9027,2.4016,3.772,3.8992,2.4011,3.7715,3.8959,2.4006,3.771
,,,,,,,765,3.6546,2.6394,2.9127,3.6595,2.6395,2.9179,3.6642,2.6396,2.9228,3.6688,2.6398,2.9277,3.6731,2.6399,2.9321
,,,,,,,766,5.3961,2.5182,5.1358,5.3937,2.5172,5.1362,5.3916,2.5161,5.1367,5.3896,2.515,5.1372,5.3877,2.5139,5.1377
,,,,,,,767,3.6335,2.8861,3.1945,3.6339,2.8864,3.193,3.634,2.8866,3.1913,3.6341,2.8869,3.1896,3.6341,2.8872,3.188
,,,,,,,768,4.2384,2.3422,4.5257,4.2384,2.3405,4.5212,4.2384,2.3389,4.5168,4.2384,2.3373,4.5126,4.2384,2.3359,4.5087
,,,,,,,769,5.508,1.9126,4.9032,5.5091,1.9134,4.9049,5.5102,1.9141,4.9065,5.5113,1.9148,4.9081,5.5123,1.9154,4.9097
,,,,,,,770,5.0256,2.6923,5.1881,5.0288,2.6924,5.1892,5.0325,2.6923,5.1907,5.0363,2.6921,5.1922,5.04,2.6919,5.1937
